property_type,bedrooms,address,price,normalised_price,date,url,postcode,postcode_area,main_area
Flat,2,"Flat 15, 1, Meggetland View, Slateford, Edinburgh EH14 1XS",285000,142500,2026-04-30,https://www.rightmove.co.uk/house-prices/details/e4a57fa3-19aa-47ef-b33d-3f0e668c2cff,EH14 1XS,EH14,"Slateford, Longstone, Wester Hailes, Juniper Green, Currie, Balerno, Baberton"
Flat,2,"Flat 26, 1, Drybrough Crescent, Craigmillar, Edinburgh EH16 4FB",210000,105000,2026-04-30,https://www.rightmove.co.uk/house-prices/details/b8819270-bdcf-4625-ba8c-faf8456151ce,EH16 4FB,EH16,"Liberton, Cameron Toll, Craigmillar, Niddrie, Gilmerton"
Detached,4,"15, Blackford Road, Edinburgh EH9 2DT",1710000,427500,2026-04-30,https://www.rightmove.co.uk/house-prices/details/ce2b0e95-715c-468b-95ce-1328a8fd32f7,EH9 2DT,EH9,"Marchmont, The Grange, Blackford, Sciennes, Newington"
Flat,2,"1f1, 17, Millar Crescent, Morningside, Edinburgh EH10 5HN",420500,210250,2026-04-30,https://www.rightmove.co.uk/house-prices/details/7d9c94f2-0bef-4fff-bb96-bdf89452110d,EH10 5HN,EH10,"Bruntsfield, Morningside, Fairmilehead, Braid Hills, Greenhill"
Semi-Detached,3,"34, Tobias Street, Greendykes, Edinburgh EH16 4WG",270000,90000,2026-04-30,https://www.rightmove.co.uk/house-prices/details/dee8da43-f4d7-4935-a82d-448f79caef65,EH16 4WG,EH16,"Liberton, Cameron Toll, Craigmillar, Niddrie, Gilmerton"
Flat,2,"Flat 5, 2, Lady Nairne Crescent, Duddingston, Edinburgh EH8 7PF",168000,84000,2026-04-30,https://www.rightmove.co.uk/house-prices/details/3165c44f-42d7-4aec-917b-43157d8470dc,EH8 7PF,EH8,"Southside, Newington, Canongate, Northfield, Mountcastle, Abbeyhill"
Flat,1,"Flat 27, 8, Simpson Loan, Southside, Edinburgh EH3 9GS",310000,310000,2026-04-30,https://www.rightmove.co.uk/house-prices/details/0f631a64-3c87-4b2a-a71f-c761c1d38a45,EH3 9GS,EH3,"New Town, West End, Tollcross, Fountainbridge, Haymarket"
Flat,4,"1f2, 71, Cumberland Street, Stockbridge, Edinburgh EH3 6RD",620000,155000,2026-04-30,https://www.rightmove.co.uk/house-prices/details/7d3a525a-631c-490e-9a57-0b3caec3b960,EH3 6RD,EH3,"New Town, West End, Tollcross, Fountainbridge, Haymarket"
Flat,3,"Flat 13, 165, Slateford Road, Slateford, Edinburgh EH14 1PD",285000,95000,2026-04-30,https://www.rightmove.co.uk/house-prices/details/ba4fa988-0b07-4f56-a379-134fac15c0de,EH14 1PD,EH14,"Slateford, Longstone, Wester Hailes, Juniper Green, Currie, Balerno, Baberton"
Flat,1,"1f3, 22, Orwell Place, Dalry, Edinburgh EH11 2AF",242500,242500,2026-04-30,https://www.rightmove.co.uk/house-prices/details/a02d1160-2c17-40ad-8209-8c20a7f8fade,EH11 2AF,EH11,"Haymarket, Dalry, Gorgie, Stenhouse, Sighthill, The Calders, Slateford"
Semi-Detached,3,"25, Craighall Crescent, Trinity, Edinburgh EH6 4SL",455000,151666,2026-04-30,https://www.rightmove.co.uk/house-prices/details/837087c3-ea2d-4002-859a-7071b4e18181,EH6 4SL,EH6,"Leith, The Shore, Leith Links, Newhaven"
Flat,2,"Flat 1, 39, Watson Crescent, Polwarth, Edinburgh EH11 1ER",192000,96000,2026-04-30,https://www.rightmove.co.uk/house-prices/details/b0c9595d-4697-4613-882c-1f2743a6f372,EH11 1ER,EH11,"Haymarket, Dalry, Gorgie, Stenhouse, Sighthill, The Calders, Slateford"
Terraced,2,"6, Alnwickhill Court, Alnwickhill, Edinburgh EH16 6YG",235000,117500,2026-04-30,https://www.rightmove.co.uk/house-prices/details/e2d16f99-29e3-4db1-88b5-69cbc88f9c17,EH16 6YG,EH16,"Liberton, Cameron Toll, Craigmillar, Niddrie, Gilmerton"
Detached,3,"11, Caiystane Hill, Caiystane, Edinburgh EH10 6SX",450000,150000,2026-04-30,https://www.rightmove.co.uk/house-prices/details/2b961928-59c9-4e68-9ede-3981847cbde1,EH10 6SX,EH10,"Bruntsfield, Morningside, Fairmilehead, Braid Hills, Greenhill"
Terraced,2,"26, Carnbee Crescent, Hyvots Bank, Edinburgh EH16 6GF",210000,105000,2026-04-30,https://www.rightmove.co.uk/house-prices/details/098572e2-b57d-470b-aaa5-a65d58cf17f4,EH16 6GF,EH16,"Liberton, Cameron Toll, Craigmillar, Niddrie, Gilmerton"
Terraced,6,"34, Greenhill Gardens, Bruntsfield, Edinburgh EH10 4BP",1575000,262500,2026-04-30,https://www.rightmove.co.uk/house-prices/details/ced6aa0f-088c-444d-b080-0238d9ce46c5,EH10 4BP,EH10,"Bruntsfield, Morningside, Fairmilehead, Braid Hills, Greenhill"
Semi-Detached,2,"11, Garscube Terrace, Murrayfield, Edinburgh EH12 6BW",600000,300000,2026-04-30,https://www.rightmove.co.uk/house-prices/details/9a39e852-0d32-4210-bcd2-2544efd22db6,EH12 6BW,EH12,"Haymarket, Murrayfield, Roseburn, Corstorphine, South Gyle"
Flat,3,"3f2, 24, Bruntsfield Gardens, Bruntsfield, Edinburgh EH10 4EA",618600,206200,2026-04-30,https://www.rightmove.co.uk/house-prices/details/89fd941d-9327-44c5-8a04-3fdcc9d5e6d4,EH10 4EA,EH10,"Bruntsfield, Morningside, Fairmilehead, Braid Hills, Greenhill"
Flat,1,"Flat 16, 6 Homescott House, Goldenacre Terrace, Warriston, Edinburgh EH3 5RE",130000,130000,2026-04-30,https://www.rightmove.co.uk/house-prices/details/31db40f0-c3bd-4f61-8e31-819aaf5229ff,EH3 5RE,EH3,"New Town, West End, Tollcross, Fountainbridge, Haymarket"
Flat,2,"Flat 7, 14, Old Tolbooth Wynd, Old Town, Edinburgh EH8 8EQ",249500,124750,2026-04-30,https://www.rightmove.co.uk/house-prices/details/c0524515-1b16-44e3-aaa3-37797f820649,EH8 8EQ,EH8,"Southside, Newington, Canongate, Northfield, Mountcastle, Abbeyhill"
Flat,2,"1f1, 127, Piersfield Terrace, Mountcastle, Edinburgh EH8 7BS",260000,130000,2026-04-30,https://www.rightmove.co.uk/house-prices/details/02432735-ec7f-44d1-b21b-cfcec3879be2,EH8 7BS,EH8,"Southside, Newington, Canongate, Northfield, Mountcastle, Abbeyhill"
Flat,1,"Flat 7, 4, Tertaglia Street, Sighthill, Edinburgh EH11 4FQ",197400,197400,2026-04-30,https://www.rightmove.co.uk/house-prices/details/cd84873f-f32b-44aa-9093-4f20cead8a9c,EH11 4FQ,EH11,"Haymarket, Dalry, Gorgie, Stenhouse, Sighthill, The Calders, Slateford"
Detached,4,"73, Craigcrook Avenue, Blackhall, Edinburgh EH4 3PU",630000,157500,2026-04-30,https://www.rightmove.co.uk/house-prices/details/5e4d6278-26af-4960-ad24-2e17d0cdeab2,EH4 3PU,EH4,"Dean Village, Comely Bank, Craigleith, Blackhall, Barnton, Cramond, Davidson's Mains"
Flat,2,"16, Lawrie Reilly Place, Albion, Edinburgh EH7 5EU",314500,157250,2026-04-30,https://www.rightmove.co.uk/house-prices/details/19a47b9b-0399-4b91-a4a5-fee4416d1689,EH7 5EU,EH7,"Leith, Pilrig, Bonnington, Restalrig, Craigentinny, Abbeyhill"
Terraced,1,"Flat 18, 30, West Bowling Green Street, Bonnington, Edinburgh EH6 5PB",216000,216000,2026-04-30,https://www.rightmove.co.uk/house-prices/details/6b8f9fcc-b79e-4785-ad83-98e9644b23de,EH6 5PB,EH6,"Leith, The Shore, Leith Links, Newhaven"
Detached,5,"70, Duddingston Road West, Duddingston, Edinburgh EH15 3PT",662250,132450,2026-04-30,https://www.rightmove.co.uk/house-prices/details/32ec07e9-3415-42f6-95cf-2501efbf86e6,EH15 3PT,EH15,"Portobello, Duddingston, Joppa, Brunstane, Craigentinny"
Flat,5,"12a, Roseneath Place, Marchmont, Edinburgh EH9 1JB",252164,50432,2026-04-30,https://www.rightmove.co.uk/house-prices/details/3016a8cd-3bb3-469b-bc7e-1e8005bd5915,EH9 1JB,EH9,"Marchmont, The Grange, Blackford, Sciennes, Newington"
Flat,1,"Bf1, 142, St Stephen Street, Stockbridge, Edinburgh EH3 5AA",212507,212507,2026-04-30,https://www.rightmove.co.uk/house-prices/details/990f476b-b590-45e5-bcf2-f4082e7cc174,EH3 5AA,EH3,"New Town, West End, Tollcross, Fountainbridge, Haymarket"
Flat,3,"25, Sighthill Terrace, Sighthill, Edinburgh EH11 4QH",230000,76666,2026-04-29,https://www.rightmove.co.uk/house-prices/details/eb7a0cfd-9d57-4ac3-b050-32e5bc78428b,EH11 4QH,EH11,"Haymarket, Dalry, Gorgie, Stenhouse, Sighthill, The Calders, Slateford"
Terraced,2,"13, Gilberstoun Wynd, Brunstane, Edinburgh EH15 2RR",225000,112500,2026-04-29,https://www.rightmove.co.uk/house-prices/details/386d29cb-4653-47ae-8cf9-bb6d06096bf8,EH15 2RR,EH15,"Portobello, Duddingston, Joppa, Brunstane, Craigentinny"
Flat,3,"Flat 6, 22, Craighall Gardens, Trinity, Edinburgh EH6 4RJ",465000,155000,2026-04-29,https://www.rightmove.co.uk/house-prices/details/9691e9d9-bb22-40dd-84b1-0594b716c119,EH6 4RJ,EH6,"Leith, The Shore, Leith Links, Newhaven"
Flat,1,"1f3, 108, Mcdonald Road, Broughton, Edinburgh EH7 4NQ",325000,325000,2026-04-29,https://www.rightmove.co.uk/house-prices/details/93a7d482-29d4-41ef-96b1-e8c5c2b08099,EH7 4NQ,EH7,"Leith, Pilrig, Bonnington, Restalrig, Craigentinny, Abbeyhill"
Flat,1,"2f2, 38, Cockburn Street, Old Town, Edinburgh EH1 1PB",269999,269999,2026-04-29,https://www.rightmove.co.uk/house-prices/details/8c40ffaa-c21e-4360-8717-d7bacfbbacac,EH1 1PB,EH1,"Old Town, Holyrood, Canongate, City Centre"
Flat,1,"Flat 4, 59, East Crosscauseway, Newington, Edinburgh EH8 9HU",210210,210210,2026-04-29,https://www.rightmove.co.uk/house-prices/details/e46d1317-3ab4-476e-a4bf-d5e56bf01b45,EH8 9HU,EH8,"Southside, Newington, Canongate, Northfield, Mountcastle, Abbeyhill"
Semi-Detached,3,"33, Guardwell Crescent, Hyvots Bank, Edinburgh EH17 7JA",320000,106666,2026-04-29,https://www.rightmove.co.uk/house-prices/details/3c112454-86bc-40e0-9c8e-14cd8f8314e7,EH17 7JA,EH17,"Gilmerton, Moredun, Mortonhall, Fernieside, Gracemount, Southhouse"
Terraced,3,"131, Gogarloch Syke, South Gyle, Edinburgh EH12 9JE",299995,99998,2026-04-29,https://www.rightmove.co.uk/house-prices/details/ce1d896f-c9d3-4ab2-a7f2-2a6359617ec7,EH12 9JE,EH12,"Haymarket, Murrayfield, Roseburn, Corstorphine, South Gyle"
Terraced,2,"47, Nellfield, Liberton, Edinburgh EH16 6DY",225000,112500,2026-04-29,https://www.rightmove.co.uk/house-prices/details/9b91e301-e311-4736-9799-23bdc557c4ce,EH16 6DY,EH16,"Liberton, Cameron Toll, Craigmillar, Niddrie, Gilmerton"
Flat,2,"13, Littlejohn Avenue, Greenbank, Edinburgh EH10 5TG",412551,206275,2026-04-29,https://www.rightmove.co.uk/house-prices/details/1288db94-f537-4cc2-b557-1333e5605fc8,EH10 5TG,EH10,"Bruntsfield, Morningside, Fairmilehead, Braid Hills, Greenhill"
Flat,3,"9, Myrtle Terrace, Polwarth, Edinburgh EH11 1PF",440000,146666,2026-04-29,https://www.rightmove.co.uk/house-prices/details/556c7240-4893-48c4-93ba-e925db0a6361,EH11 1PF,EH11,"Haymarket, Dalry, Gorgie, Stenhouse, Sighthill, The Calders, Slateford"
Terraced,2,"4, Tyler's Acre Gardens, Carrick Knowe, Edinburgh EH12 7JH",326000,163000,2026-04-29,https://www.rightmove.co.uk/house-prices/details/cd51bcfb-895d-41ec-ad81-09502f7a9005,EH12 7JH,EH12,"Haymarket, Murrayfield, Roseburn, Corstorphine, South Gyle"
Flat,2,"1f1, 1, Valleyfield Street, Tollcross, Edinburgh EH3 9LP",385000,192500,2026-04-29,https://www.rightmove.co.uk/house-prices/details/315ff4ee-088e-4f6a-93a8-c8b8cd6272e2,EH3 9LP,EH3,"New Town, West End, Tollcross, Fountainbridge, Haymarket"
Flat,3,"Flat 4, 34, Barnton Avenue West, Cramond, Edinburgh EH4 6DE",730000,243333,2026-04-29,https://www.rightmove.co.uk/house-prices/details/e7d86a61-423d-4647-87b8-27302a69d23c,EH4 6DE,EH4,"Dean Village, Comely Bank, Craigleith, Blackhall, Barnton, Cramond, Davidson's Mains"
Flat,2,"112a, Newhaven Road, Newhaven, Edinburgh EH6 4BR",299995,149997,2026-04-29,https://www.rightmove.co.uk/house-prices/details/e751802c-8e6f-41ee-ad84-5db25c9595fd,EH6 4BR,EH6,"Leith, The Shore, Leith Links, Newhaven"
Flat,4,"1f2, 25, Gillespie Crescent, Bruntsfield, Edinburgh EH10 4HU",500000,125000,2026-04-29,https://www.rightmove.co.uk/house-prices/details/7a66c088-d0ba-42dd-8b9b-c28ad358252e,EH10 4HU,EH10,"Bruntsfield, Morningside, Fairmilehead, Braid Hills, Greenhill"
Flat,1,"1f3, 314, Gorgie Road, Gorgie, Edinburgh EH11 2QZ",115000,115000,2026-04-29,https://www.rightmove.co.uk/house-prices/details/63f79318-de72-43fa-9cdb-fe6e1b35907c,EH11 2QZ,EH11,"Haymarket, Dalry, Gorgie, Stenhouse, Sighthill, The Calders, Slateford"
Flat,2,"Flat 6, 33, Carnbee Avenue, Hyvots Bank, Edinburgh EH16 6GA",205000,102500,2026-04-29,https://www.rightmove.co.uk/house-prices/details/0c7a2924-3937-4154-9119-0f205a65e8ef,EH16 6GA,EH16,"Liberton, Cameron Toll, Craigmillar, Niddrie, Gilmerton"
Flat,2,"Flat 4, 3, St Clair Place, Leith, Edinburgh EH6 8JZ",160000,80000,2026-04-29,https://www.rightmove.co.uk/house-prices/details/496e35c1-8207-408f-852c-4faf88bef980,EH6 8JZ,EH6,"Leith, The Shore, Leith Links, Newhaven"
Flat,1,"Flat 15, 5, Caledonian Crescent, Dalry, Edinburgh EH11 2DB",175000,175000,2026-04-29,https://www.rightmove.co.uk/house-prices/details/101c3643-cd2b-4e44-b87c-ec0572319a56,EH11 2DB,EH11,"Haymarket, Dalry, Gorgie, Stenhouse, Sighthill, The Calders, Slateford"
Flat,2,"Pf2, 2, Dalgety Road, Meadowbank, Edinburgh EH7 5UJ",203168,101584,2026-04-29,https://www.rightmove.co.uk/house-prices/details/a72165f6-8ea5-489b-b249-2ceda6d71369,EH7 5UJ,EH7,"Leith, Pilrig, Bonnington, Restalrig, Craigentinny, Abbeyhill"
Detached,6,"38, Baberton Avenue, Baberton Park, Juniper Green EH14 5DR",530000,88333,2026-04-29,https://www.rightmove.co.uk/house-prices/details/0125fe1d-ea1d-48fd-9f29-cb2315558adb,EH14 5DR,EH14,"Slateford, Longstone, Wester Hailes, Juniper Green, Currie, Balerno, Baberton"
Flat,1,"Flat 2, 29, Citypark Way, Pilton, Edinburgh EH5 2FA",213000,213000,2026-04-29,https://www.rightmove.co.uk/house-prices/details/381eaa3f-50be-4e8c-83ab-83f9584ee05c,EH5 2FA,EH5,"Granton, Granton Harbour, Wardie, Trinity, Newhaven"
Flat,3,"20a, Mayfield Terrace, Newington, Edinburgh EH9 1SA",640000,213333,2026-04-29,https://www.rightmove.co.uk/house-prices/details/51cb243f-8c32-4ba1-828f-2f31362b7d95,EH9 1SA,EH9,"Marchmont, The Grange, Blackford, Sciennes, Newington"
Flat,3,"20, Lindean Place, Lochend, Edinburgh EH6 8AY",375000,125000,2026-04-29,https://www.rightmove.co.uk/house-prices/details/44f0207d-282b-4d15-99bc-3a48cddeac84,EH6 8AY,EH6,"Leith, The Shore, Leith Links, Newhaven"
Flat,2,"Flat 1, 86, Trinity Road, Trinity, Edinburgh EH5 3JU",314995,157497,2026-04-29,https://www.rightmove.co.uk/house-prices/details/298f78ce-5ce7-450a-b5fd-f592ed764882,EH5 3JU,EH5,"Granton, Granton Harbour, Wardie, Trinity, Newhaven"
Flat,2,"20, Ochiltree Gardens, Inch, Edinburgh EH16 5SN",193500,96750,2026-04-29,https://www.rightmove.co.uk/house-prices/details/2883a994-11dd-423a-b9d4-3d70cc92ca64,EH16 5SN,EH16,"Liberton, Cameron Toll, Craigmillar, Niddrie, Gilmerton"
Flat,1,"Flat 1, 7, Saltire Street, Granton, Edinburgh EH5 1QS",170000,170000,2026-04-29,https://www.rightmove.co.uk/house-prices/details/c3e7cafe-9a95-4e8b-b81e-347520997a04,EH5 1QS,EH5,"Granton, Granton Harbour, Wardie, Trinity, Newhaven"
Terraced,1,"56, Kingston Avenue, Inch, Edinburgh EH16 5SW",156000,156000,2026-04-29,https://www.rightmove.co.uk/house-prices/details/b9597ce2-a2bf-44cf-ada4-857afcb53a98,EH16 5SW,EH16,"Liberton, Cameron Toll, Craigmillar, Niddrie, Gilmerton"
Flat,2,"Pf2, 7, Spottiswoode Road, Marchmont, Edinburgh EH9 1BH",460000,230000,2026-04-28,https://www.rightmove.co.uk/house-prices/details/e058a94c-a6ec-4fa2-b98f-0971cba7e1c0,EH9 1BH,EH9,"Marchmont, The Grange, Blackford, Sciennes, Newington"
Flat,2,"4, Hutchison Avenue, Slateford, Edinburgh EH14 1QE",242000,121000,2026-04-28,https://www.rightmove.co.uk/house-prices/details/dd95c334-1c97-416b-bfa7-4600813068e7,EH14 1QE,EH14,"Slateford, Longstone, Wester Hailes, Juniper Green, Currie, Balerno, Baberton"
Flat,2,"Flat 2, 4, Bangor Road, Bonnington, Edinburgh EH6 5RS",276000,138000,2026-04-28,https://www.rightmove.co.uk/house-prices/details/0c989e39-c52f-4da1-996c-01df89ad66e6,EH6 5RS,EH6,"Leith, The Shore, Leith Links, Newhaven"
Flat,1,"Flat 7, 12, Hopetoun Street, Broughton, Edinburgh EH7 4GH",245000,245000,2026-04-28,https://www.rightmove.co.uk/house-prices/details/68b3c0de-d503-42bb-aabd-a42595f74fa3,EH7 4GH,EH7,"Leith, Pilrig, Bonnington, Restalrig, Craigentinny, Abbeyhill"
Flat,2,"Flat 6, 532, Gorgie Road, Gorgie, Edinburgh EH11 3FA",239500,119750,2026-04-28,https://www.rightmove.co.uk/house-prices/details/df594ca6-3cb2-4519-9a93-c195ef519849,EH11 3FA,EH11,"Haymarket, Dalry, Gorgie, Stenhouse, Sighthill, The Calders, Slateford"
Flat,2,"286, Portobello High Street, Portobello West, Edinburgh EH15 2AT",421000,210500,2026-04-28,https://www.rightmove.co.uk/house-prices/details/f670b818-89c1-4fbc-9e37-81a631f2f860,EH15 2AT,EH15,"Portobello, Duddingston, Joppa, Brunstane, Craigentinny"
Semi-Detached,3,"135, Baberton Mains Drive, Baberton Mains, Edinburgh EH14 3EA",315000,105000,2026-04-28,https://www.rightmove.co.uk/house-prices/details/0aa694b1-fa5b-4bec-99d7-72d0ca18642a,EH14 3EA,EH14,"Slateford, Longstone, Wester Hailes, Juniper Green, Currie, Balerno, Baberton"
Detached,4,"22, Carnbee End, Hyvots Bank, Edinburgh EH16 6GJ",425000,106250,2026-04-28,https://www.rightmove.co.uk/house-prices/details/f7945c97-af69-4655-80c5-b7a7a7585260,EH16 6GJ,EH16,"Liberton, Cameron Toll, Craigmillar, Niddrie, Gilmerton"
Flat,1,"Pf1, 16, St Stephen Place, Stockbridge, Edinburgh EH3 5AJ",245000,245000,2026-04-28,https://www.rightmove.co.uk/house-prices/details/3440dcc7-6bcc-47c8-af8d-868ce0bf0010,EH3 5AJ,EH3,"New Town, West End, Tollcross, Fountainbridge, Haymarket"
Flat,2,"3f2, 51, Leith Walk, Edinburgh EH6 8LS",176777,88388,2026-04-28,https://www.rightmove.co.uk/house-prices/details/dff85000-7e8c-4adf-b0c4-4f356fd44b27,EH6 8LS,EH6,"Leith, The Shore, Leith Links, Newhaven"
Detached,4,"Flat 11, 9, Barnton Avenue West, Cramond, Edinburgh EH4 6DF",1295000,323750,2026-04-28,https://www.rightmove.co.uk/house-prices/details/c85239af-bfe5-4c3e-bd16-4d9c33318095,EH4 6DF,EH4,"Dean Village, Comely Bank, Craigleith, Blackhall, Barnton, Cramond, Davidson's Mains"
Flat,2,"Flat 5, 72, Redhall Crescent, Kingsknowe, Edinburgh EH14 2HD",170000,85000,2026-04-28,https://www.rightmove.co.uk/house-prices/details/5b8e4656-667b-4c0c-97ad-2b7e5bf60b0b,EH14 2HD,EH14,"Slateford, Longstone, Wester Hailes, Juniper Green, Currie, Balerno, Baberton"
Flat,2,"Flat 7, 10, St Margaret's Place, Marchmont, Edinburgh EH9 1AY",545000,272500,2026-04-28,https://www.rightmove.co.uk/house-prices/details/bf521e8d-d0b0-4605-9310-d1820e8fe2e2,EH9 1AY,EH9,"Marchmont, The Grange, Blackford, Sciennes, Newington"
Flat,2,"Flat 14, 7, Western Harbour Midway, Newhaven, Edinburgh EH6 6LE",273000,136500,2026-04-28,https://www.rightmove.co.uk/house-prices/details/645ae5b2-fc55-455c-a1cb-ece21bd49e4c,EH6 6LE,EH6,"Leith, The Shore, Leith Links, Newhaven"
Flat,2,"2f3, 118, Restalrig Road South, Restalrig, Edinburgh EH7 6JA",172500,86250,2026-04-28,https://www.rightmove.co.uk/house-prices/details/3a6601ea-f8fa-4dad-98ed-9329f639416d,EH7 6JA,EH7,"Leith, Pilrig, Bonnington, Restalrig, Craigentinny, Abbeyhill"
Flat,3,"2f1, 11, Clarence Street, Stockbridge, Edinburgh EH3 5AE",675000,225000,2026-04-28,https://www.rightmove.co.uk/house-prices/details/c3eb1908-a0e3-4165-8ef6-75416da35919,EH3 5AE,EH3,"New Town, West End, Tollcross, Fountainbridge, Haymarket"
Flat,3,"1f3, 13, Fowler Terrace, Polwarth, Edinburgh EH11 1DD",310000,103333,2026-04-28,https://www.rightmove.co.uk/house-prices/details/6ab416fc-2c47-4935-b9af-d086892da585,EH11 1DD,EH11,"Haymarket, Dalry, Gorgie, Stenhouse, Sighthill, The Calders, Slateford"
Terraced,4,"4, Fletcher Crescent, North Leith, Edinburgh EH6 6AS",550000,137500,2026-04-28,https://www.rightmove.co.uk/house-prices/details/fceb3847-32e2-45e8-bfc3-80cc739dbd5d,EH6 6AS,EH6,"Leith, The Shore, Leith Links, Newhaven"
Flat,1,"3f3, 11, Comely Bank Row, Stockbridge, Edinburgh EH4 1EA",287222,287222,2026-04-28,https://www.rightmove.co.uk/house-prices/details/2574e83b-fbca-410c-b7aa-a8d1e3bf35b5,EH4 1EA,EH4,"Dean Village, Comely Bank, Craigleith, Blackhall, Barnton, Cramond, Davidson's Mains"
Flat,4,"Gf, 26, Coates Gardens, New Town, Edinburgh EH12 5LE",657000,164250,2026-04-28,https://www.rightmove.co.uk/house-prices/details/ef99e936-e200-49b4-b6e5-01796bbde7b8,EH12 5LE,EH12,"Haymarket, Murrayfield, Roseburn, Corstorphine, South Gyle"
Flat,2,"3f2, 24, Bellevue Crescent, Broughton, Edinburgh EH3 6NF",235722,117861,2026-04-28,https://www.rightmove.co.uk/house-prices/details/46d5ebd6-0b29-42a5-b483-be2fb443ab21,EH3 6NF,EH3,"New Town, West End, Tollcross, Fountainbridge, Haymarket"
Detached,3,"100, Tryst Park, Swanston, Edinburgh EH10 7HE",360000,120000,2026-04-28,https://www.rightmove.co.uk/house-prices/details/0d86bcd5-4c9a-4dcf-b158-b4dd6d25bbc0,EH10 7HE,EH10,"Bruntsfield, Morningside, Fairmilehead, Braid Hills, Greenhill"
Flat,2,"2f2, 96, Blackford Avenue, Blackford, Edinburgh EH9 3ES",280000,140000,2026-04-28,https://www.rightmove.co.uk/house-prices/details/41e673f5-d4f6-49c8-bf10-731385da3484,EH9 3ES,EH9,"Marchmont, The Grange, Blackford, Sciennes, Newington"
Flat,4,"1, Whitehouse Terrace, Grange, Edinburgh EH9 2EU",1475000,368750,2026-04-28,https://www.rightmove.co.uk/house-prices/details/e568a95b-b8d1-4c45-a7a7-bcd8370a284f,EH9 2EU,EH9,"Marchmont, The Grange, Blackford, Sciennes, Newington"
Flat,2,"Flat 11, 3, New Cut Rigg, Trinity, Edinburgh EH6 4QR",305000,152500,2026-04-28,https://www.rightmove.co.uk/house-prices/details/5e1f2535-98fd-4657-92db-691545f102ae,EH6 4QR,EH6,"Leith, The Shore, Leith Links, Newhaven"
Flat,3,"Flat 14, 1, St Margaret's Place, Marchmont, Edinburgh EH9 1AY",618008,206002,2026-04-28,https://www.rightmove.co.uk/house-prices/details/70925a58-bc57-4ddc-88e4-23ed70bdbe8d,EH9 1AY,EH9,"Marchmont, The Grange, Blackford, Sciennes, Newington"
Flat,2,"13, Millar Crescent, Morningside, Edinburgh EH10 5HN",330000,165000,2026-04-28,https://www.rightmove.co.uk/house-prices/details/dd723d30-313f-4b9b-b4a4-356744b7ca98,EH10 5HN,EH10,"Bruntsfield, Morningside, Fairmilehead, Braid Hills, Greenhill"
Flat,2,"Flat 14, 5, Gylemuir Lane, Edinburgh EH12 7FF",328500,164250,2026-04-28,https://www.rightmove.co.uk/house-prices/details/2fc96645-8aea-4e2f-8b27-16549f11f736,EH12 7FF,EH12,"Haymarket, Murrayfield, Roseburn, Corstorphine, South Gyle"
Flat,3,"47, Lawrie Reilly Place, Albion, Edinburgh EH7 5EU",340000,113333,2026-04-28,https://www.rightmove.co.uk/house-prices/details/afd2a2f7-64e1-4c9a-b9b9-19b4e4412e24,EH7 5EU,EH7,"Leith, Pilrig, Bonnington, Restalrig, Craigentinny, Abbeyhill"
Flat,2,"Flat 3, 5, Albyn Place, New Town, Edinburgh EH2 4NG",495000,247500,2026-04-28,https://www.rightmove.co.uk/house-prices/details/192b430e-ec46-4730-be3a-1db65554bdac,EH2 4NG,EH2,"New Town, City Centre"
Flat,1,"1f4, 10, Moat Terrace, Slateford, Edinburgh EH14 1PR",187000,187000,2026-04-28,https://www.rightmove.co.uk/house-prices/details/bb716fdd-d821-4b79-a5bc-7e79d6a32067,EH14 1PR,EH14,"Slateford, Longstone, Wester Hailes, Juniper Green, Currie, Balerno, Baberton"
Terraced,2,"36, Ladywell Road, Broomhall, Edinburgh EH12 7TB",260000,130000,2026-04-28,https://www.rightmove.co.uk/house-prices/details/6151b3fb-fa69-4f70-baa3-8f3691d4c9a8,EH12 7TB,EH12,"Haymarket, Murrayfield, Roseburn, Corstorphine, South Gyle"
Flat,2,"Flat 3, 1, Hermitage Park Lea, Lochend, Edinburgh EH6 8DY",226500,113250,2026-04-28,https://www.rightmove.co.uk/house-prices/details/887f45db-5595-4792-b334-ac5ae6666d0a,EH6 8DY,EH6,"Leith, The Shore, Leith Links, Newhaven"
Flat,1,"Pf3, 25, Stewart Terrace, Gorgie, Edinburgh EH11 1UW",161501,161501,2026-04-28,https://www.rightmove.co.uk/house-prices/details/799f62d8-5bbe-46d7-aa50-a8b3d972a307,EH11 1UW,EH11,"Haymarket, Dalry, Gorgie, Stenhouse, Sighthill, The Calders, Slateford"
Flat,2,"Flat 9, 6, Giles Street, North Leith, Edinburgh EH6 6DA",240000,120000,2026-04-28,https://www.rightmove.co.uk/house-prices/details/fc65c0f1-737c-4992-8b3d-0dceba57dcc5,EH6 6DA,EH6,"Leith, The Shore, Leith Links, Newhaven"
Flat,2,"11, Viewforth Square, Viewforth, Edinburgh EH10 4LW",320000,160000,2026-04-28,https://www.rightmove.co.uk/house-prices/details/e2f824c4-7745-4685-8e05-4bb8dc5890f7,EH10 4LW,EH10,"Bruntsfield, Morningside, Fairmilehead, Braid Hills, Greenhill"
Semi-Detached,3,"3, Blackthorn Court, Craigmount, Edinburgh EH4 8BL",345266,115088,2026-04-28,https://www.rightmove.co.uk/house-prices/details/c851b969-2f82-4215-8c3a-a2c8592b0412,EH4 8BL,EH4,"Dean Village, Comely Bank, Craigleith, Blackhall, Barnton, Cramond, Davidson's Mains"
Flat,2,"54, Restalrig Road, Lochend, Edinburgh EH6 8BL",310000,155000,2026-04-27,https://www.rightmove.co.uk/house-prices/details/882f6c5d-17ee-4ffc-9c9d-5f04a48705ae,EH6 8BL,EH6,"Leith, The Shore, Leith Links, Newhaven"
Semi-Detached,3,"318, Lanark Road, Kingsknowe, Edinburgh EH14 2LJ",560000,186666,2026-04-27,https://www.rightmove.co.uk/house-prices/details/779e8caa-f8cf-4355-a1f6-e611a7b780d4,EH14 2LJ,EH14,"Slateford, Longstone, Wester Hailes, Juniper Green, Currie, Balerno, Baberton"
Terraced,3,"13, Broomview Path, Sighthill, Edinburgh EH11 4FH",310000,103333,2026-04-27,https://www.rightmove.co.uk/house-prices/details/dba5ebc1-9f9b-41d5-9003-664bf4ea4c92,EH11 4FH,EH11,"Haymarket, Dalry, Gorgie, Stenhouse, Sighthill, The Calders, Slateford"
Flat,2,"Flat 1, 43, Waterfront Park, Granton, Edinburgh EH5 1EZ",255000,127500,2026-04-27,https://www.rightmove.co.uk/house-prices/details/4eaaa8f5-7503-4520-be9f-f4de44589291,EH5 1EZ,EH5,"Granton, Granton Harbour, Wardie, Trinity, Newhaven"
Detached,4,"20a, Flockhart Gait, Newcraighall, Musselburgh EH21 8RG",430000,107500,2026-04-27,https://www.rightmove.co.uk/house-prices/details/62e2c140-378d-4550-9cb1-612e98d8e42a,EH21 8RG,EH21,"Musselburgh, Fisherrow, Inveresk, Levenhall, Monktonhall, Pinkie, Stoneybank, Wallyford"
Flat,1,"3f3, 28, Broughton Road, Warriston, Edinburgh EH7 4ED",265000,265000,2026-04-27,https://www.rightmove.co.uk/house-prices/details/de5a1cfe-b371-47db-8253-749c7a793149,EH7 4ED,EH7,"Leith, Pilrig, Bonnington, Restalrig, Craigentinny, Abbeyhill"
Flat,1,"2f2, 16, Waverley Park, Abbeyhill, Edinburgh EH8 8ET",175000,175000,2026-04-27,https://www.rightmove.co.uk/house-prices/details/39b99f84-f9ac-4b4f-897f-2b9c5affa57e,EH8 8ET,EH8,"Southside, Newington, Canongate, Northfield, Mountcastle, Abbeyhill"
Flat,2,"Flat 6, 13, Blandfield, Broughton, Edinburgh EH7 4QJ",235000,117500,2026-04-27,https://www.rightmove.co.uk/house-prices/details/a9620a70-c109-4c41-8bae-f86c2fb999ee,EH7 4QJ,EH7,"Leith, Pilrig, Bonnington, Restalrig, Craigentinny, Abbeyhill"
Flat,2,"Flat 5, 80, Craighouse Gardens, Morningside, Edinburgh EH10 5LW",245000,122500,2026-04-27,https://www.rightmove.co.uk/house-prices/details/09056260-24aa-44c5-b9bf-fbfca30e564f,EH10 5LW,EH10,"Bruntsfield, Morningside, Fairmilehead, Braid Hills, Greenhill"
NULL,2,"Flat 14, 25, Craighall Road, Trinity, Edinburgh EH6 4SB",190000,95000,2026-04-27,https://www.rightmove.co.uk/house-prices/details/321e4558-c419-49f1-b43e-fdaaabc3d589,EH6 4SB,EH6,"Leith, The Shore, Leith Links, Newhaven"
Flat,2,"Flat 63, 25, Barnton Grove, Barnton, Edinburgh EH4 6EZ",550000,275000,2026-04-27,https://www.rightmove.co.uk/house-prices/details/c4bd2627-cf89-4e6a-ba24-50b7a85a0a6a,EH4 6EZ,EH4,"Dean Village, Comely Bank, Craigleith, Blackhall, Barnton, Cramond, Davidson's Mains"
Semi-Detached,3,"2, West Pilton Loan, Pilton, Edinburgh EH4 4EZ",270000,90000,2026-04-27,https://www.rightmove.co.uk/house-prices/details/feb201de-4d75-41d0-85f1-362a530d3d4a,EH4 4EZ,EH4,"Dean Village, Comely Bank, Craigleith, Blackhall, Barnton, Cramond, Davidson's Mains"
Flat,3,"Flat 15, 27, Viewcraig Street, Dumbiedykes, Edinburgh EH8 9UJ",237500,79166,2026-04-27,https://www.rightmove.co.uk/house-prices/details/8bab8075-5bdd-4cc0-88cd-1294e364ae0f,EH8 9UJ,EH8,"Southside, Newington, Canongate, Northfield, Mountcastle, Abbeyhill"
Terraced,3,"53, Redhall Road, Kingsknowe, Edinburgh EH14 2HN",290211,96737,2026-04-27,https://www.rightmove.co.uk/house-prices/details/a69d152f-8b2e-4903-9079-f0721b021e04,EH14 2HN,EH14,"Slateford, Longstone, Wester Hailes, Juniper Green, Currie, Balerno, Baberton"
Flat,4,"40, Chesser Crescent, Slateford, Edinburgh EH14 1SP",272850,68212,2026-04-27,https://www.rightmove.co.uk/house-prices/details/3508c302-96c3-472c-b07c-17889d80cc77,EH14 1SP,EH14,"Slateford, Longstone, Wester Hailes, Juniper Green, Currie, Balerno, Baberton"
Terraced,6,"42, Murrayfield Avenue, Murrayfield, Edinburgh EH12 6AY",1400000,233333,2026-04-27,https://www.rightmove.co.uk/house-prices/details/edfd4198-46d1-4183-a710-dc3233030216,EH12 6AY,EH12,"Haymarket, Murrayfield, Roseburn, Corstorphine, South Gyle"
Flat,2,"17, Stirling Road, Trinity, Edinburgh EH5 3JA",950000,475000,2026-04-27,https://www.rightmove.co.uk/house-prices/details/6ede4238-5b9c-4ee9-a4a0-a40aa52b8f49,EH5 3JA,EH5,"Granton, Granton Harbour, Wardie, Trinity, Newhaven"
Terraced,2,"18, Bellevue Street, Broughton, Edinburgh EH7 4BY",426307,213153,2026-04-27,https://www.rightmove.co.uk/house-prices/details/0d5f8750-bb7a-4d9d-b834-67334806ea2d,EH7 4BY,EH7,"Leith, Pilrig, Bonnington, Restalrig, Craigentinny, Abbeyhill"
Flat,1,"2f1, 17, Bellevue Road, Broughton, Edinburgh EH7 4DL",350000,350000,2026-04-27,https://www.rightmove.co.uk/house-prices/details/86eb2f12-a391-4cf6-a3ca-4431a93a20fb,EH7 4DL,EH7,"Leith, Pilrig, Bonnington, Restalrig, Craigentinny, Abbeyhill"
Flat,2,"Flat 6, 37, Orchard Brae Avenue, Craigleith, Edinburgh EH4 2UP",420000,210000,2026-04-27,https://www.rightmove.co.uk/house-prices/details/20f0f50e-02a7-482f-b728-9eac06e0109b,EH4 2UP,EH4,"Dean Village, Comely Bank, Craigleith, Blackhall, Barnton, Cramond, Davidson's Mains"
Terraced,4,"19, Durar Drive, Clerwood, Edinburgh EH4 7HW",320000,80000,2026-04-27,https://www.rightmove.co.uk/house-prices/details/93428a87-5656-4bef-b8dc-25039af61107,EH4 7HW,EH4,"Dean Village, Comely Bank, Craigleith, Blackhall, Barnton, Cramond, Davidson's Mains"
Semi-Detached,2,"35, Corbiehill Place, Corbiehill, Edinburgh EH4 5AX",320000,160000,2026-04-27,https://www.rightmove.co.uk/house-prices/details/255c341f-38a5-4197-bfcf-a8f07422542a,EH4 5AX,EH4,"Dean Village, Comely Bank, Craigleith, Blackhall, Barnton, Cramond, Davidson's Mains"
Flat,3,"Flat 7, 9, Roseburn Maltings, Roseburn, Edinburgh EH12 5LY",389500,129833,2026-04-27,https://www.rightmove.co.uk/house-prices/details/a2000a4f-b675-4f48-b612-cf1ba1263bdb,EH12 5LY,EH12,"Haymarket, Murrayfield, Roseburn, Corstorphine, South Gyle"
Terraced,3,"3, Churchhill Drive, Morningside, Edinburgh EH10 4BT",1200045,400015,2026-04-27,https://www.rightmove.co.uk/house-prices/details/e2bb601c-6b15-4b1a-bc2e-796dcdb4402e,EH10 4BT,EH10,"Bruntsfield, Morningside, Fairmilehead, Braid Hills, Greenhill"
Detached,2,"33, Craigs Crescent, Craigmount, Edinburgh EH12 8HU",552016,276008,2026-04-27,https://www.rightmove.co.uk/house-prices/details/bbf7ea26-c40b-4dbe-814b-f5d52584197d,EH12 8HU,EH12,"Haymarket, Murrayfield, Roseburn, Corstorphine, South Gyle"
Flat,1,"3f3, 13, Bothwell Street, Albion, Edinburgh EH7 5PX",190000,190000,2026-04-27,https://www.rightmove.co.uk/house-prices/details/3a69ab94-66e6-418e-990f-e05792240dae,EH7 5PX,EH7,"Leith, Pilrig, Bonnington, Restalrig, Craigentinny, Abbeyhill"
Terraced,3,"25, Orchard Brae Gardens, Craigleith, Edinburgh EH4 2HQ",370000,123333,2026-04-27,https://www.rightmove.co.uk/house-prices/details/e7e87565-3f15-459c-8cb9-96c581a80dcc,EH4 2HQ,EH4,"Dean Village, Comely Bank, Craigleith, Blackhall, Barnton, Cramond, Davidson's Mains"
Terraced,4,"11, East Lillypot, Trinity, Edinburgh EH5 3BH",695000,173750,2026-04-27,https://www.rightmove.co.uk/house-prices/details/80285641-7f0b-4aed-99ba-dceb2c15d6ec,EH5 3BH,EH5,"Granton, Granton Harbour, Wardie, Trinity, Newhaven"
Flat,3,"61, Abbeyhill, Edinburgh EH8 8DY",375000,125000,2026-04-27,https://www.rightmove.co.uk/house-prices/details/121e5c71-99cb-4e0b-9de2-95d05af8a5e9,EH8 8DY,EH8,"Southside, Newington, Canongate, Northfield, Mountcastle, Abbeyhill"
Flat,1,"Flat 2, 245b, Gilmerton Road, Gilmerton, Edinburgh EH16 5TH",165000,165000,2026-04-27,https://www.rightmove.co.uk/house-prices/details/a9682549-09b5-4d92-bcb5-99d9efdf2ad0,EH16 5TH,EH16,"Liberton, Cameron Toll, Craigmillar, Niddrie, Gilmerton"
Flat,2,"1f2, 21, Findlay Avenue, Restalrig, Edinburgh EH7 6HB",147500,73750,2026-04-27,https://www.rightmove.co.uk/house-prices/details/67892ad8-276a-4be6-ac4d-5a57d97e2333,EH7 6HB,EH7,"Leith, Pilrig, Bonnington, Restalrig, Craigentinny, Abbeyhill"
Flat,1,"60, Gilmore Place, Tollcross, Edinburgh EH3 9NX",255000,255000,2026-04-27,https://www.rightmove.co.uk/house-prices/details/1a5c2593-ece1-44ce-bdc0-ebbf187b1430,EH3 9NX,EH3,"New Town, West End, Tollcross, Fountainbridge, Haymarket"
Flat,2,"Pf1, 14, Upper Grove Place, Fountainbridge, Edinburgh EH3 8AU",217500,108750,2026-04-27,https://www.rightmove.co.uk/house-prices/details/5789e7de-bd50-47d2-a82f-78893656c356,EH3 8AU,EH3,"New Town, West End, Tollcross, Fountainbridge, Haymarket"
Flat,2,"2f2, 23, Hillside Street, Hillside, Edinburgh EH7 5HD",285000,142500,2026-04-27,https://www.rightmove.co.uk/house-prices/details/f66baf9b-57eb-4181-8561-5449d87e4590,EH7 5HD,EH7,"Leith, Pilrig, Bonnington, Restalrig, Craigentinny, Abbeyhill"
Flat,2,"Pf2, 5, Manse Street, Broomhall, Edinburgh EH12 7TR",250000,125000,2026-04-27,https://www.rightmove.co.uk/house-prices/details/70a47aba-c844-4072-a972-a32c82897cb4,EH12 7TR,EH12,"Haymarket, Murrayfield, Roseburn, Corstorphine, South Gyle"
Flat,2,"Flat 7, 4, Chandler Crescent, South Leith, Edinburgh EH6 7AL",330195,165097,2026-04-27,https://www.rightmove.co.uk/house-prices/details/7017feab-0381-469e-bcad-d1fb3add2bb0,EH6 7AL,EH6,"Leith, The Shore, Leith Links, Newhaven"
Flat,2,"5c, Moat Terrace, Slateford, Edinburgh EH14 1PS",245723,122861,2026-04-27,https://www.rightmove.co.uk/house-prices/details/85427d41-1ddb-49ca-a913-b8ffffab8c7a,EH14 1PS,EH14,"Slateford, Longstone, Wester Hailes, Juniper Green, Currie, Balerno, Baberton"
Semi-Detached,3,"129, The Murrays, Hyvots Bank, Edinburgh EH17 8UN",277000,92333,2026-04-27,https://www.rightmove.co.uk/house-prices/details/2630a6d4-fe4b-46f4-aeb3-bda8ac52b7e9,EH17 8UN,EH17,"Gilmerton, Moredun, Mortonhall, Fernieside, Gracemount, Southhouse"
Flat,2,"Flat 6, 4, Glenure Loan, Clerwood, Edinburgh EH4 7LW",127000,63500,2026-04-27,https://www.rightmove.co.uk/house-prices/details/b42ff410-94cd-4a9f-856a-1a38b651378c,EH4 7LW,EH4,"Dean Village, Comely Bank, Craigleith, Blackhall, Barnton, Cramond, Davidson's Mains"
Flat,2,"Flat 20, 1, Portland Gardens, Newhaven, Edinburgh EH6 6NA",385000,192500,2026-04-27,https://www.rightmove.co.uk/house-prices/details/02c5ca36-6ef6-4103-bdf5-fa6e5d2bc1a9,EH6 6NA,EH6,"Leith, The Shore, Leith Links, Newhaven"
Flat,1,"19, Cordiner's Land, Tollcross, Edinburgh EH1 2LF",225000,225000,2026-04-27,https://www.rightmove.co.uk/house-prices/details/d2cad091-9f5d-46aa-9e1e-7769833505aa,EH1 2LF,EH1,"Old Town, Holyrood, Canongate, City Centre"
Flat,2,"3f1, 5, South Sloan Street, Albion, Edinburgh EH6 8SS",235000,117500,2026-04-27,https://www.rightmove.co.uk/house-prices/details/bb583ebf-cceb-475d-83e5-53ee65cbbf25,EH6 8SS,EH6,"Leith, The Shore, Leith Links, Newhaven"
Semi-Detached,3,"4, Bannerman Terrace, Gilmerton, Edinburgh EH17 8YD",298000,99333,2026-04-27,https://www.rightmove.co.uk/house-prices/details/9bee588f-c5c2-4a89-946e-2bc5b5bb700c,EH17 8YD,EH17,"Gilmerton, Moredun, Mortonhall, Fernieside, Gracemount, Southhouse"
Flat,4,"27, Briarbank Terrace, Polwarth, Edinburgh EH11 1SU",570000,142500,2026-04-27,https://www.rightmove.co.uk/house-prices/details/e6df91bd-d20b-4fe0-b821-badbd600c2d1,EH11 1SU,EH11,"Haymarket, Dalry, Gorgie, Stenhouse, Sighthill, The Calders, Slateford"
Flat,1,"2f2, 17, Blackwood Crescent, Newington, Edinburgh EH9 1RA",235000,235000,2026-04-27,https://www.rightmove.co.uk/house-prices/details/35c2417f-98ce-4690-be20-d2db549b6a1e,EH9 1RA,EH9,"Marchmont, The Grange, Blackford, Sciennes, Newington"
Flat,1,"Pf2, 2, Burns Place, Newhaven, Edinburgh EH6 5QD",194456,194456,2026-04-27,https://www.rightmove.co.uk/house-prices/details/469edb4b-ccb0-4276-9c92-11bdfb6f6f32,EH6 5QD,EH6,"Leith, The Shore, Leith Links, Newhaven"
Detached,4,"11, Buckstone Road, Buckstone, Edinburgh EH10 6QF",769000,192250,2026-04-27,https://www.rightmove.co.uk/house-prices/details/4edcc816-3c8b-48e9-a38e-139bf4528343,EH10 6QF,EH10,"Bruntsfield, Morningside, Fairmilehead, Braid Hills, Greenhill"
Flat,3,"2f1, 25, Pirniefield Bank, Lochend, Edinburgh EH6 7QH",180000,60000,2026-04-27,https://www.rightmove.co.uk/house-prices/details/37ae6389-f1ec-475e-8a6f-bae322027aea,EH6 7QH,EH6,"Leith, The Shore, Leith Links, Newhaven"
Flat,1,"11, Cakemuir Gardens, Niddrie, Edinburgh EH16 4FL",175500,175500,2026-04-27,https://www.rightmove.co.uk/house-prices/details/b0117ced-240e-4478-8a19-f782acc98ba7,EH16 4FL,EH16,"Liberton, Cameron Toll, Craigmillar, Niddrie, Gilmerton"
Semi-Detached,3,"35, March Road, Blackhall, Edinburgh EH4 3TA",545000,181666,2026-04-27,https://www.rightmove.co.uk/house-prices/details/8ab6005b-c82d-41b3-99f8-ece1ae3f4adc,EH4 3TA,EH4,"Dean Village, Comely Bank, Craigleith, Blackhall, Barnton, Cramond, Davidson's Mains"
Flat,3,"Flat 1, 39, Mid Steil, Greenbank, Edinburgh EH10 5XB",500000,166666,2026-04-27,https://www.rightmove.co.uk/house-prices/details/84a8894a-5f19-49a2-aeed-4baa316e1c8d,EH10 5XB,EH10,"Bruntsfield, Morningside, Fairmilehead, Braid Hills, Greenhill"
NULL,2,"1f1, 8, Grassmarket, Old Town, Edinburgh EH1 2JU",280000,140000,2026-04-27,https://www.rightmove.co.uk/house-prices/details/ce603081-46d6-4708-9d58-44da6c906549,EH1 2JU,EH1,"Old Town, Holyrood, Canongate, City Centre"
Flat,2,"14, Keith Row, Blackhall, Edinburgh EH4 3NL",330000,165000,2026-04-27,https://www.rightmove.co.uk/house-prices/details/355578a5-48a2-4131-8669-618bfa55623d,EH4 3NL,EH4,"Dean Village, Comely Bank, Craigleith, Blackhall, Barnton, Cramond, Davidson's Mains"
Terraced,4,"16, Plewlands Terrace, Morningside, Edinburgh EH10 5JZ",726287,181571,2026-04-27,https://www.rightmove.co.uk/house-prices/details/f020d48d-1dc2-47db-bf4c-861fe55f99e9,EH10 5JZ,EH10,"Bruntsfield, Morningside, Fairmilehead, Braid Hills, Greenhill"
Flat,2,"3f3, 149, Morrison Street, West End, Edinburgh EH3 8AG",284000,142000,2026-04-27,https://www.rightmove.co.uk/house-prices/details/dd9500d0-caf9-408d-882e-d4621a24fae6,EH3 8AG,EH3,"New Town, West End, Tollcross, Fountainbridge, Haymarket"
Flat,1,"58, Manse Road, Broomhall, Edinburgh EH12 7SS",210000,210000,2026-04-27,https://www.rightmove.co.uk/house-prices/details/d48995bc-451c-4146-aaa6-3ad0a831a037,EH12 7SS,EH12,"Haymarket, Murrayfield, Roseburn, Corstorphine, South Gyle"
Flat,2,"Flat 6, 2, Sinclair Place, Gorgie, Edinburgh EH11 1AG",270000,135000,2026-04-27,https://www.rightmove.co.uk/house-prices/details/2c8f150a-88e4-4c1d-be8d-8b5fc304db45,EH11 1AG,EH11,"Haymarket, Dalry, Gorgie, Stenhouse, Sighthill, The Calders, Slateford"
Flat,2,"Flat 4, 22, Corstorphine Road, Murrayfield, Edinburgh EH12 6HP",470000,235000,2026-04-27,https://www.rightmove.co.uk/house-prices/details/7329861b-4552-4f39-9b4e-3d67f97c845c,EH12 6HP,EH12,"Haymarket, Murrayfield, Roseburn, Corstorphine, South Gyle"
Flat,2,"Flat 11, 10, Sheriff Park, North Leith, Edinburgh EH6 6DY",195000,97500,2026-04-27,https://www.rightmove.co.uk/house-prices/details/5040b758-cfa2-4b1f-a4dd-e1528009c822,EH6 6DY,EH6,"Leith, The Shore, Leith Links, Newhaven"
Flat,2,"Flat 8, 3, Ashwood Gait, Clerwood, Edinburgh EH12 8PE",231200,115600,2026-04-24,https://www.rightmove.co.uk/house-prices/details/e9283a51-1fa1-4f74-9180-71e382b11455,EH12 8PE,EH12,"Haymarket, Murrayfield, Roseburn, Corstorphine, South Gyle"
Terraced,2,"3, Torwood Crescent, South Gyle, Edinburgh EH12 9GL",265000,132500,2026-04-24,https://www.rightmove.co.uk/house-prices/details/b62ea3ff-b817-4c2e-8fcc-75e972fa8f5d,EH12 9GL,EH12,"Haymarket, Murrayfield, Roseburn, Corstorphine, South Gyle"
Flat,2,"Flat 29, 67, Giles Street, North Leith, Edinburgh EH6 6DD",351000,175500,2026-04-24,https://www.rightmove.co.uk/house-prices/details/259dcb12-eb4a-45b5-856a-1dee6f540935,EH6 6DD,EH6,"Leith, The Shore, Leith Links, Newhaven"
Flat,1,"Flat 1, 31, Belford Road, New Town, Edinburgh EH4 3BP",250000,250000,2026-04-24,https://www.rightmove.co.uk/house-prices/details/1ef9d4fb-d452-479b-a70f-dacef42f8b48,EH4 3BP,EH4,"Dean Village, Comely Bank, Craigleith, Blackhall, Barnton, Cramond, Davidson's Mains"
Terraced,1,"90, North Bughtlinside, Bughtlin, Edinburgh EH12 8YB",165000,165000,2026-04-24,https://www.rightmove.co.uk/house-prices/details/356b785c-55ce-41b2-859d-0e687232e383,EH12 8YB,EH12,"Haymarket, Murrayfield, Roseburn, Corstorphine, South Gyle"
Flat,1,"1f3, 6, Mcneill Street, Viewforth, Edinburgh EH11 1JN",185000,185000,2026-04-24,https://www.rightmove.co.uk/house-prices/details/607bba16-6941-403f-96c5-04e3f4179ec4,EH11 1JN,EH11,"Haymarket, Dalry, Gorgie, Stenhouse, Sighthill, The Calders, Slateford"
Flat,1,"3f3, 18, Montpelier Terrace, Bruntsfield, Edinburgh EH10 4NF",330000,330000,2026-04-24,https://www.rightmove.co.uk/house-prices/details/af057e88-9257-4a1e-9b76-59b7a53af070,EH10 4NF,EH10,"Bruntsfield, Morningside, Fairmilehead, Braid Hills, Greenhill"
Flat,3,"1, Somerset Place, Lochend, Edinburgh EH6 8AG",466000,155333,2026-04-24,https://www.rightmove.co.uk/house-prices/details/7489c061-4660-46b7-957b-78e2787b3eb2,EH6 8AG,EH6,"Leith, The Shore, Leith Links, Newhaven"
Flat,3,"1f1, 10, Meadow Place, Marchmont, Edinburgh EH9 1JZ",340000,113333,2026-04-24,https://www.rightmove.co.uk/house-prices/details/378787c2-e1ef-4e60-9f84-ca372d26d73a,EH9 1JZ,EH9,"Marchmont, The Grange, Blackford, Sciennes, Newington"
Terraced,3,"21, Cunningham Square, Portobello West, Edinburgh EH15 1BA",482500,160833,2026-04-24,https://www.rightmove.co.uk/house-prices/details/447ad742-c1de-4706-bb6c-217da4c12754,EH15 1BA,EH15,"Portobello, Duddingston, Joppa, Brunstane, Craigentinny"
Semi-Detached,4,"17b, Meadowfield Terrace, Duddingston, Edinburgh EH8 7NR",810000,202500,2026-04-24,https://www.rightmove.co.uk/house-prices/details/6f8dace4-4ef6-4fc1-9eb4-d07944dbd9c9,EH8 7NR,EH8,"Southside, Newington, Canongate, Northfield, Mountcastle, Abbeyhill"
Flat,3,"4, Syme Crescent, Greenbank, Edinburgh EH10 5GD",525000,175000,2026-04-24,https://www.rightmove.co.uk/house-prices/details/3f4a242c-0243-4b96-b2db-3668424d58bf,EH10 5GD,EH10,"Bruntsfield, Morningside, Fairmilehead, Braid Hills, Greenhill"
Terraced,2,"Flat 2, 36, Woodhall Millbrae, Woodhall, Juniper Green EH14 5BH",295000,147500,2026-04-24,https://www.rightmove.co.uk/house-prices/details/335ca013-0b58-478d-b8b8-f05b3b2e2fa6,EH14 5BH,EH14,"Slateford, Longstone, Wester Hailes, Juniper Green, Currie, Balerno, Baberton"
Flat,4,"Flat 6, 4, Rattray Drive, Greenbank, Edinburgh EH10 5TH",547500,136875,2026-04-24,https://www.rightmove.co.uk/house-prices/details/56daed75-7300-4027-a286-00b8072832ea,EH10 5TH,EH10,"Bruntsfield, Morningside, Fairmilehead, Braid Hills, Greenhill"
Flat,3,"220, Colinton Mains Road, Firrhill, Edinburgh EH13 9BU",250000,83333,2026-04-24,https://www.rightmove.co.uk/house-prices/details/ae244d4f-a149-4c74-b0d4-9bd4c2bbe9a1,EH13 9BU,EH13,"Colinton, Oxgangs, Fairmilehead"
Terraced,5,"28, Marlborough Street, Portobello East, Edinburgh EH15 2BG",905000,181000,2026-04-24,https://www.rightmove.co.uk/house-prices/details/56ef9523-d241-4b42-a3cc-e494f14d2cc5,EH15 2BG,EH15,"Portobello, Duddingston, Joppa, Brunstane, Craigentinny"
Flat,1,"1f2, 12, St Stephen Place, Stockbridge, Edinburgh EH3 5AJ",265000,265000,2026-04-24,https://www.rightmove.co.uk/house-prices/details/1f23905b-5c7e-4827-be14-2d3a4ab233f8,EH3 5AJ,EH3,"New Town, West End, Tollcross, Fountainbridge, Haymarket"
Flat,1,"63, Corbiehill Road, Corbiehill, Edinburgh EH4 5AT",200000,200000,2026-04-24,https://www.rightmove.co.uk/house-prices/details/628fbacb-fb53-424d-9800-834d7cbae028,EH4 5AT,EH4,"Dean Village, Comely Bank, Craigleith, Blackhall, Barnton, Cramond, Davidson's Mains"
Flat,2,"Flat 8, 9, Dicksonfield, Hillside, Edinburgh EH7 5ND",305000,152500,2026-04-24,https://www.rightmove.co.uk/house-prices/details/e5b1da52-5a60-4769-9025-fbb8c209aeb3,EH7 5ND,EH7,"Leith, Pilrig, Bonnington, Restalrig, Craigentinny, Abbeyhill"
Flat,1,"Flat 7, 5, Hermitage Park Lea, Lochend, Edinburgh EH6 8DY",175000,175000,2026-04-24,https://www.rightmove.co.uk/house-prices/details/53f09469-b6c2-4359-8b17-d5e1136673ba,EH6 8DY,EH6,"Leith, The Shore, Leith Links, Newhaven"
Flat,2,"Flat 5, 241, Gorgie Road, Gorgie, Edinburgh EH11 1TU",222000,111000,2026-04-23,https://www.rightmove.co.uk/house-prices/details/863f9a9a-9d33-47b4-8ac5-7f2fc4cb406c,EH11 1TU,EH11,"Haymarket, Dalry, Gorgie, Stenhouse, Sighthill, The Calders, Slateford"
Terraced,2,"Flat 8, 36, South Fort Street, Bonnington, Edinburgh EH6 5NU",270000,135000,2026-04-23,https://www.rightmove.co.uk/house-prices/details/8ca354c6-8f85-47b5-b8e4-1b2236cc4499,EH6 5NU,EH6,"Leith, The Shore, Leith Links, Newhaven"
Terraced,2,"45, South Gyle Gardens, Broomhall, Edinburgh EH12 7SA",235000,117500,2026-04-23,https://www.rightmove.co.uk/house-prices/details/a9f91bbf-4b2c-46d7-b463-2c7dd74cbd74,EH12 7SA,EH12,"Haymarket, Murrayfield, Roseburn, Corstorphine, South Gyle"
Terraced,2,"28, Lilyhill Terrace, Willowbrae, Edinburgh EH8 7DU",285000,142500,2026-04-23,https://www.rightmove.co.uk/house-prices/details/4cfc3e20-91fd-44f2-b96b-78ea56fad4fa,EH8 7DU,EH8,"Southside, Newington, Canongate, Northfield, Mountcastle, Abbeyhill"
Flat,2,"3f2, 87, Montgomery Street, Hillside, Edinburgh EH7 5HZ",330000,165000,2026-04-23,https://www.rightmove.co.uk/house-prices/details/ebf5b159-fc90-4679-a240-5045dcec37bb,EH7 5HZ,EH7,"Leith, Pilrig, Bonnington, Restalrig, Craigentinny, Abbeyhill"
Terraced,5,"60, Comiston Drive, Morningside, Edinburgh EH10 5QS",935000,187000,2026-04-23,https://www.rightmove.co.uk/house-prices/details/0f6d38c3-763f-4b9b-8e64-7913ea9e3f6d,EH10 5QS,EH10,"Bruntsfield, Morningside, Fairmilehead, Braid Hills, Greenhill"
Flat,2,"2f1, 7, Royston Terrace, Warriston, Edinburgh EH3 5QU",317500,158750,2026-04-23,https://www.rightmove.co.uk/house-prices/details/f8c74f35-a50c-4664-849f-ad8bd4d44b27,EH3 5QU,EH3,"New Town, West End, Tollcross, Fountainbridge, Haymarket"
Flat,3,"111, Redford Road, Redford, Edinburgh EH13 0AS",402500,134166,2026-04-23,https://www.rightmove.co.uk/house-prices/details/010a60bb-33b8-4450-a7c8-62a884a3215a,EH13 0AS,EH13,"Colinton, Oxgangs, Fairmilehead"
Flat,1,"Flat 2, 27, Castle Terrace, Old Town, Edinburgh EH1 2EL",315000,315000,2026-04-23,https://www.rightmove.co.uk/house-prices/details/88a0a7a2-26aa-4c29-924d-6cb3aee9e4fb,EH1 2EL,EH1,"Old Town, Holyrood, Canongate, City Centre"
Flat,2,"Flat 3, 3, Perdrixknowe, Wester Craiglockhart, Edinburgh EH14 1AF",185000,92500,2026-04-23,https://www.rightmove.co.uk/house-prices/details/745076ff-8340-43b9-9e8b-8510c604e4de,EH14 1AF,EH14,"Slateford, Longstone, Wester Hailes, Juniper Green, Currie, Balerno, Baberton"
Terraced,3,"Flat 2, 2, Smiddy Wynd, Alnwickhill, Edinburgh EH16 6GU",410000,136666,2026-04-23,https://www.rightmove.co.uk/house-prices/details/8db781c0-f858-4206-9b8d-1f7ccb3f60f0,EH16 6GU,EH16,"Liberton, Cameron Toll, Craigmillar, Niddrie, Gilmerton"
Terraced,3,"95, Magdalene Avenue, Magdalene, Edinburgh EH15 3BQ",210000,70000,2026-04-23,https://www.rightmove.co.uk/house-prices/details/68b550d0-ffe6-48ad-ab5d-3a2a8065dc52,EH15 3BQ,EH15,"Portobello, Duddingston, Joppa, Brunstane, Craigentinny"
Flat,2,"Pf1, 43, Loganlea Drive, Restalrig, Edinburgh EH7 6LP",130000,65000,2026-04-23,https://www.rightmove.co.uk/house-prices/details/0898e531-e970-4a75-8a7f-bf50faa57ef1,EH7 6LP,EH7,"Leith, Pilrig, Bonnington, Restalrig, Craigentinny, Abbeyhill"
Detached,3,"12, Corstorphine Bank Avenue, Corstorphine, Edinburgh EH12 8SB",515515,171838,2026-04-23,https://www.rightmove.co.uk/house-prices/details/928d4812-e5b3-4f5d-9436-f415d7fd3d84,EH12 8SB,EH12,"Haymarket, Murrayfield, Roseburn, Corstorphine, South Gyle"
Flat,2,"2f1, 8, Thistle Place, Viewforth, Edinburgh EH11 1JH",234000,117000,2026-04-23,https://www.rightmove.co.uk/house-prices/details/0ee0a264-8528-42c9-9e09-2d62f15456b3,EH11 1JH,EH11,"Haymarket, Dalry, Gorgie, Stenhouse, Sighthill, The Calders, Slateford"
Flat,2,"1f2, 35, Dalmeny Street, Leith, Edinburgh EH6 8PG",223000,111500,2026-04-23,https://www.rightmove.co.uk/house-prices/details/697a5793-bdbc-4a8f-8299-c4a79c0cc9fe,EH6 8PG,EH6,"Leith, The Shore, Leith Links, Newhaven"
Flat,1,"3f1, 13, Dean Park Street, Stockbridge, Edinburgh EH4 1JR",237500,237500,2026-04-23,https://www.rightmove.co.uk/house-prices/details/a3de658e-eec5-46d3-8551-0c6990f905e9,EH4 1JR,EH4,"Dean Village, Comely Bank, Craigleith, Blackhall, Barnton, Cramond, Davidson's Mains"
Flat,1,"Flat 28, 19, Pillans Place, South Leith, Edinburgh EH6 7FJ",240000,240000,2026-04-23,https://www.rightmove.co.uk/house-prices/details/742d3365-197e-49c1-b403-a536e1badbb6,EH6 7FJ,EH6,"Leith, The Shore, Leith Links, Newhaven"
Flat,2,"2f2, 24, Telford Drive, Craigleith, Edinburgh EH4 2NL",147500,73750,2026-04-23,https://www.rightmove.co.uk/house-prices/details/d387e6bb-d59a-4fd4-9e71-822f0da7c869,EH4 2NL,EH4,"Dean Village, Comely Bank, Craigleith, Blackhall, Barnton, Cramond, Davidson's Mains"
Flat,2,"Flat 24, 4, Robertson Gait, Gorgie, Edinburgh EH11 1HJ",240000,120000,2026-04-23,https://www.rightmove.co.uk/house-prices/details/9a2d2b80-fb1f-4b5e-a1c9-096b6436c73c,EH11 1HJ,EH11,"Haymarket, Dalry, Gorgie, Stenhouse, Sighthill, The Calders, Slateford"
Flat,1,"2f4, 19, Watson Crescent, Polwarth, Edinburgh EH11 1HA",200000,200000,2026-04-22,https://www.rightmove.co.uk/house-prices/details/a3973efc-4b00-40ec-87ff-23f1ab75fe9b,EH11 1HA,EH11,"Haymarket, Dalry, Gorgie, Stenhouse, Sighthill, The Calders, Slateford"
Flat,3,"Flat 1, 9, Roseneath Place, Marchmont, Edinburgh EH9 1JB",382219,127406,2026-04-22,https://www.rightmove.co.uk/house-prices/details/90f5088f-ef0a-466b-a722-4f4cdd92cc4e,EH9 1JB,EH9,"Marchmont, The Grange, Blackford, Sciennes, Newington"
Flat,2,"Flat 4, 50, Bryson Road, Polwarth, Edinburgh EH11 1DX",245500,122750,2026-04-22,https://www.rightmove.co.uk/house-prices/details/4e962b56-b93c-417e-ad08-d97c69e22ce2,EH11 1DX,EH11,"Haymarket, Dalry, Gorgie, Stenhouse, Sighthill, The Calders, Slateford"
Flat,2,"Flat 10, 215, Granton Road, Trinity, Edinburgh EH5 1HD",215000,107500,2026-04-22,https://www.rightmove.co.uk/house-prices/details/51f5b27b-0eef-4a52-a131-cf9f0a833eb5,EH5 1HD,EH5,"Granton, Granton Harbour, Wardie, Trinity, Newhaven"
Flat,1,"Flat 4, 26, Drumsheugh Gardens, New Town, Edinburgh EH3 7RN",410000,410000,2026-04-22,https://www.rightmove.co.uk/house-prices/details/65eda027-9a72-4e7f-a918-23cd79fb9888,EH3 7RN,EH3,"New Town, West End, Tollcross, Fountainbridge, Haymarket"
Terraced,2,"47, Niven Way, Edinburgh EH12 8FQ",285000,142500,2026-04-22,https://www.rightmove.co.uk/house-prices/details/a5bc6f09-dd14-4b86-9c53-e3433ba64620,EH12 8FQ,EH12,"Haymarket, Murrayfield, Roseburn, Corstorphine, South Gyle"
Flat,1,"Flat 85, 102, Commercial Street, North Leith, Edinburgh EH6 6LT",205000,205000,2026-04-22,https://www.rightmove.co.uk/house-prices/details/8f0a78ed-1ad9-40dc-bd20-551a9ffeadb6,EH6 6LT,EH6,"Leith, The Shore, Leith Links, Newhaven"
Flat,2,"2a, Malta Terrace, Stockbridge, Edinburgh EH4 1HR",450000,225000,2026-04-22,https://www.rightmove.co.uk/house-prices/details/322fe333-c48c-47ef-864d-c7197a90a3ef,EH4 1HR,EH4,"Dean Village, Comely Bank, Craigleith, Blackhall, Barnton, Cramond, Davidson's Mains"
Flat,2,"1f2, 52, Learmonth Crescent, Stockbridge, Edinburgh EH4 1DE",375000,187500,2026-04-22,https://www.rightmove.co.uk/house-prices/details/281f83ab-08a4-41e4-9f13-43cabbeb8b30,EH4 1DE,EH4,"Dean Village, Comely Bank, Craigleith, Blackhall, Barnton, Cramond, Davidson's Mains"
Flat,2,"Flat 12, 25, Shrubhill Walk, Pilrig, Edinburgh EH7 4FJ",313500,156750,2026-04-22,https://www.rightmove.co.uk/house-prices/details/9ec3f232-d8dd-410f-b93e-2d29d073d935,EH7 4FJ,EH7,"Leith, Pilrig, Bonnington, Restalrig, Craigentinny, Abbeyhill"
Flat,2,"55, Shrubhill Walk, Pilrig, Edinburgh EH7 4RB",318250,159125,2026-04-22,https://www.rightmove.co.uk/house-prices/details/36d47d8d-63d2-4dd7-ada2-38681047333b,EH7 4RB,EH7,"Leith, Pilrig, Bonnington, Restalrig, Craigentinny, Abbeyhill"
Flat,2,"Flat 4, 7, Oxgangs Drive, Firrhill, Edinburgh EH13 9HF",140000,70000,2026-04-22,https://www.rightmove.co.uk/house-prices/details/57d99a8b-8d6f-47c5-8aa5-904c2bf63b2f,EH13 9HF,EH13,"Colinton, Oxgangs, Fairmilehead"
Flat,2,"Flat 2, 8, Seafield Avenue, Lochend, Edinburgh EH6 7QG",190000,95000,2026-04-22,https://www.rightmove.co.uk/house-prices/details/445abe5a-9dfb-49b0-b244-483492a93280,EH6 7QG,EH6,"Leith, The Shore, Leith Links, Newhaven"
Flat,2,"Flat 3, 4, Sheriff Bank, North Leith, Edinburgh EH6 6ER",255750,127875,2026-04-22,https://www.rightmove.co.uk/house-prices/details/a2652d95-1a5d-4e17-acce-dbc7b097d8b9,EH6 6ER,EH6,"Leith, The Shore, Leith Links, Newhaven"
Flat,3,"27, Rankeillor Street, Newington, Edinburgh EH8 9JA",435500,145166,2026-04-22,https://www.rightmove.co.uk/house-prices/details/f0631ad2-0ace-49ff-b350-c3ec88eb899b,EH8 9JA,EH8,"Southside, Newington, Canongate, Northfield, Mountcastle, Abbeyhill"
Flat,2,"29, Shrubhill Walk, Pilrig, Edinburgh EH7 4RB",295000,147500,2026-04-22,https://www.rightmove.co.uk/house-prices/details/6d281b63-9360-4024-9f0e-ab93acdf14ce,EH7 4RB,EH7,"Leith, Pilrig, Bonnington, Restalrig, Craigentinny, Abbeyhill"
Flat,2,"Flat 3, 110, Crewe Road North, Royston, Edinburgh EH5 2NE",215000,107500,2026-04-22,https://www.rightmove.co.uk/house-prices/details/adcb373e-361f-41a3-9319-3ba0349e3597,EH5 2NE,EH5,"Granton, Granton Harbour, Wardie, Trinity, Newhaven"
Flat,1,"Flat 14, 163, Easter Road, Albion, Edinburgh EH7 5QB",178000,178000,2026-04-22,https://www.rightmove.co.uk/house-prices/details/3bd69147-ae50-4e7c-96eb-ee77da960660,EH7 5QB,EH7,"Leith, Pilrig, Bonnington, Restalrig, Craigentinny, Abbeyhill"
Flat,2,"1f1, 5, Seafield Avenue, Lochend, Edinburgh EH6 7QG",256000,128000,2026-04-22,https://www.rightmove.co.uk/house-prices/details/30bee852-572b-4151-8806-f76fa6348541,EH6 7QG,EH6,"Leith, The Shore, Leith Links, Newhaven"
Flat,3,"2f3, 32, Montgomery Street, Hillside, Edinburgh EH7 5JS",445000,148333,2026-04-22,https://www.rightmove.co.uk/house-prices/details/718b8749-bd6d-4546-80cd-d70b527ba8e1,EH7 5JS,EH7,"Leith, Pilrig, Bonnington, Restalrig, Craigentinny, Abbeyhill"
Flat,2,"Flat 4, 4, Infirmary Street, Old Town, Edinburgh EH1 1LT",340000,170000,2026-04-22,https://www.rightmove.co.uk/house-prices/details/cf5bf7e3-3a03-458a-8e35-ae17ce319b63,EH1 1LT,EH1,"Old Town, Holyrood, Canongate, City Centre"
Flat,1,"Flat 13, 23, Viewcraig Street, Dumbiedykes, Edinburgh EH8 9UJ",160000,160000,2026-04-22,https://www.rightmove.co.uk/house-prices/details/e292de1f-1926-4f0e-a1c6-05cc04c84dd4,EH8 9UJ,EH8,"Southside, Newington, Canongate, Northfield, Mountcastle, Abbeyhill"
Flat,2,"Pf2, 13, Moat Drive, Slateford, Edinburgh EH14 1NU",192000,96000,2026-04-22,https://www.rightmove.co.uk/house-prices/details/29432d72-236e-4781-8b5c-57c5d004e7f3,EH14 1NU,EH14,"Slateford, Longstone, Wester Hailes, Juniper Green, Currie, Balerno, Baberton"
Flat,1,"Flat 2, 2, Essendean Terrace, Clerwood, Edinburgh EH4 7HD",142000,142000,2026-04-22,https://www.rightmove.co.uk/house-prices/details/c75679b4-339c-4eb7-b81c-83b4a5c99611,EH4 7HD,EH4,"Dean Village, Comely Bank, Craigleith, Blackhall, Barnton, Cramond, Davidson's Mains"
Flat,1,"1f2, 10, Moat Terrace, Slateford, Edinburgh EH14 1PR",175000,175000,2026-04-22,https://www.rightmove.co.uk/house-prices/details/425391f4-7362-4316-8811-bdc8565ec744,EH14 1PR,EH14,"Slateford, Longstone, Wester Hailes, Juniper Green, Currie, Balerno, Baberton"
Terraced,3,"65, Burnhead Crescent, Gracemount, Edinburgh EH16 6EN",236000,78666,2026-04-22,https://www.rightmove.co.uk/house-prices/details/afef8e94-0757-4003-a1a3-f03c2d0241b0,EH16 6EN,EH16,"Liberton, Cameron Toll, Craigmillar, Niddrie, Gilmerton"
Semi-Detached,3,"12, Bullfinch Row, Hyvots Bank, Edinburgh EH17 8XE",308000,102666,2026-04-22,https://www.rightmove.co.uk/house-prices/details/bcd95c71-aec9-4301-90f5-3502d45ebb43,EH17 8XE,EH17,"Gilmerton, Moredun, Mortonhall, Fernieside, Gracemount, Southhouse"
NULL,3,"4, Meadowsweet Drive, Cammo, Edinburgh EH4 8FD",525000,175000,2026-04-22,https://www.rightmove.co.uk/house-prices/details/6453acd8-5573-4ae4-b10e-1e3670bb1d53,EH4 8FD,EH4,"Dean Village, Comely Bank, Craigleith, Blackhall, Barnton, Cramond, Davidson's Mains"
Flat,3,"3f1, 52, Bath Street, Portobello West, Edinburgh EH15 1HF",340000,113333,2026-04-22,https://www.rightmove.co.uk/house-prices/details/9bb2c690-7490-4bed-bf0d-5b6762d4839c,EH15 1HF,EH15,"Portobello, Duddingston, Joppa, Brunstane, Craigentinny"
Flat,2,"Flat 2, 12, Hawkhill Close, Albion, Edinburgh EH7 6FH",270000,135000,2026-04-22,https://www.rightmove.co.uk/house-prices/details/b973ffc0-1aba-4156-8193-ba49ff6186b2,EH7 6FH,EH7,"Leith, Pilrig, Bonnington, Restalrig, Craigentinny, Abbeyhill"
Flat,3,"8, Cumberland Street North West Lane, Stockbridge, Edinburgh EH3 6RF",415000,138333,2026-04-22,https://www.rightmove.co.uk/house-prices/details/e3a77458-428d-4adb-b55f-d677011cdd75,EH3 6RF,EH3,"New Town, West End, Tollcross, Fountainbridge, Haymarket"
Flat,2,"8/9, Holyrood Court, Dumbiedykes Road, Dumbiedykes, Edinburgh EH8 8AW",175000,87500,2026-04-22,https://www.rightmove.co.uk/house-prices/details/2e322113-bd05-4f7b-beae-5c1d7f29ee5f,EH8 8AW,EH8,"Southside, Newington, Canongate, Northfield, Mountcastle, Abbeyhill"
Detached,5,"17, Bonaly Drive, Colinton, Edinburgh EH13 0EJ",720000,144000,2026-04-22,https://www.rightmove.co.uk/house-prices/details/4f7b1524-43dc-4d5e-a171-2eb1d88c2acf,EH13 0EJ,EH13,"Colinton, Oxgangs, Fairmilehead"
Detached,3,"75, Carter Drive, Gilmerton, Edinburgh EH17 8GR",320008,106669,2026-04-22,https://www.rightmove.co.uk/house-prices/details/6208a057-2fe1-4333-97ed-006bd96275f4,EH17 8GR,EH17,"Gilmerton, Moredun, Mortonhall, Fernieside, Gracemount, Southhouse"
Terraced,4,"26, Moredun Park Drive, Moredun, Edinburgh EH17 7EP",310250,77562,2026-04-22,https://www.rightmove.co.uk/house-prices/details/de68992e-d78b-4af1-b78a-bf4e2015e8a5,EH17 7EP,EH17,"Gilmerton, Moredun, Mortonhall, Fernieside, Gracemount, Southhouse"
Flat,2,"54, Shrubhill Walk, Pilrig, Edinburgh EH7 4RB",320625,160312,2026-04-22,https://www.rightmove.co.uk/house-prices/details/97df2c01-5e8f-4ced-ac9e-54518c30c45b,EH7 4RB,EH7,"Leith, Pilrig, Bonnington, Restalrig, Craigentinny, Abbeyhill"
Flat,2,"Flat 3, 2, Milligan Drive, Greendykes, Edinburgh EH16 4WJ",196150,98075,2026-04-22,https://www.rightmove.co.uk/house-prices/details/47ab742d-dbbb-4380-9c33-06fab31cca08,EH16 4WJ,EH16,"Liberton, Cameron Toll, Craigmillar, Niddrie, Gilmerton"
Flat,2,"Flat 6, 2, Sheriff Bank, North Leith, Edinburgh EH6 6ER",100750,50375,2026-04-22,https://www.rightmove.co.uk/house-prices/details/83c4a49d-44ea-4daf-9594-39ca0384d40a,EH6 6ER,EH6,"Leith, The Shore, Leith Links, Newhaven"
Flat,1,"Flat 1, 27, Queen Street, New Town, Edinburgh EH2 1JX",350000,350000,2026-04-21,https://www.rightmove.co.uk/house-prices/details/2cd8dd10-4e83-4f6a-8199-fbfac6c4c1ad,EH2 1JX,EH2,"New Town, City Centre"
Flat,2,"15, Hillpark Wood, Blackhall, Edinburgh EH4 7TA",249000,124500,2026-04-21,https://www.rightmove.co.uk/house-prices/details/33f16f9c-ecf5-4d97-b6f9-cf507e43401e,EH4 7TA,EH4,"Dean Village, Comely Bank, Craigleith, Blackhall, Barnton, Cramond, Davidson's Mains"
Flat,2,"1f1, 32, Temple Park Crescent, Polwarth, Edinburgh EH11 1HU",250000,125000,2026-04-21,https://www.rightmove.co.uk/house-prices/details/659f13e7-6c96-46ad-9fac-5bcb5ba36d83,EH11 1HU,EH11,"Haymarket, Dalry, Gorgie, Stenhouse, Sighthill, The Calders, Slateford"
Flat,1,"Pf4, 105, Granton Road, Trinity, Edinburgh EH5 3NJ",137000,137000,2026-04-21,https://www.rightmove.co.uk/house-prices/details/18a930db-ea50-4a80-9e30-cdb6ed608bb9,EH5 3NJ,EH5,"Granton, Granton Harbour, Wardie, Trinity, Newhaven"
Flat,1,"1f2, 14, Moncrieff Terrace, Sciennes, Edinburgh EH9 1NA",158000,158000,2026-04-21,https://www.rightmove.co.uk/house-prices/details/a30bce74-4670-4dae-a9ea-866e144bac70,EH9 1NA,EH9,"Marchmont, The Grange, Blackford, Sciennes, Newington"
Flat,1,"Flat 3, 4, New Orchardfield, Pilrig, Edinburgh EH6 5ES",195000,195000,2026-04-21,https://www.rightmove.co.uk/house-prices/details/b0b46177-219e-4a14-b372-9dc5db8a5111,EH6 5ES,EH6,"Leith, The Shore, Leith Links, Newhaven"
Flat,2,"Flat 9, 24, East Parkside, St Leonards, Edinburgh EH16 5XN",370000,185000,2026-04-21,https://www.rightmove.co.uk/house-prices/details/cec2c1ab-f980-4daa-b002-e6849167e416,EH16 5XN,EH16,"Liberton, Cameron Toll, Craigmillar, Niddrie, Gilmerton"
Terraced,5,"14, Kilmaurs Terrace, Prestonfield, Edinburgh EH16 5DR",980000,196000,2026-04-21,https://www.rightmove.co.uk/house-prices/details/455b8a98-d01c-40c4-aeb3-ba873774d088,EH16 5DR,EH16,"Liberton, Cameron Toll, Craigmillar, Niddrie, Gilmerton"
Flat,2,"3f2, 25, Montgomery Street, Hillside, Edinburgh EH7 5JU",310000,155000,2026-04-21,https://www.rightmove.co.uk/house-prices/details/b02a53f3-973d-48d7-aa0a-6550f8c600dd,EH7 5JU,EH7,"Leith, Pilrig, Bonnington, Restalrig, Craigentinny, Abbeyhill"
Terraced,5,"14, Cammo Walk, Cammo, Edinburgh EH4 8AN",600000,120000,2026-04-21,https://www.rightmove.co.uk/house-prices/details/38c2176f-e324-408c-8414-6675094584cd,EH4 8AN,EH4,"Dean Village, Comely Bank, Craigleith, Blackhall, Barnton, Cramond, Davidson's Mains"
Terraced,3,"2, Darnley Terrace, Greendykes, Edinburgh EH16 4WS",277000,92333,2026-04-21,https://www.rightmove.co.uk/house-prices/details/441dfbbb-0fd1-4ecc-8641-f10cc8885eeb,EH16 4WS,EH16,"Liberton, Cameron Toll, Craigmillar, Niddrie, Gilmerton"
Flat,2,"Flat 4, 42, Kimmerghame Place, Craigleith, Edinburgh EH4 2GE",307000,153500,2026-04-21,https://www.rightmove.co.uk/house-prices/details/9f9676ca-a51f-413a-8c74-41c309f4edf3,EH4 2GE,EH4,"Dean Village, Comely Bank, Craigleith, Blackhall, Barnton, Cramond, Davidson's Mains"
Terraced,4,"12, Easter Steil, Greenbank, Edinburgh EH10 5XE",665000,166250,2026-04-21,https://www.rightmove.co.uk/house-prices/details/ecb5a5c5-504d-4772-86af-97dbf7872f4e,EH10 5XE,EH10,"Bruntsfield, Morningside, Fairmilehead, Braid Hills, Greenhill"
Flat,1,"Flat 13, 19, Pillans Place, South Leith, Edinburgh EH6 7FJ",235000,235000,2026-04-21,https://www.rightmove.co.uk/house-prices/details/47259dc4-f407-4a57-8650-84d8abb000a3,EH6 7FJ,EH6,"Leith, The Shore, Leith Links, Newhaven"
Flat,2,"99, Claverhouse Drive, Liberton, Edinburgh EH16 6DH",185101,92550,2026-04-21,https://www.rightmove.co.uk/house-prices/details/8d721b74-dd14-445d-b43a-b528b73fbe9a,EH16 6DH,EH16,"Liberton, Cameron Toll, Craigmillar, Niddrie, Gilmerton"
Flat,2,"Flat 7, 8, East Pilton Farm Rigg, Pilton, Edinburgh EH5 2GD",261000,130500,2026-04-21,https://www.rightmove.co.uk/house-prices/details/28bc87fb-a955-4c3f-864e-b12cd8cb598b,EH5 2GD,EH5,"Granton, Granton Harbour, Wardie, Trinity, Newhaven"
Flat,2,"1f, 6, Northumberland Street, New Town, Edinburgh EH3 6LW",475000,237500,2026-04-21,https://www.rightmove.co.uk/house-prices/details/dab1d203-0bdb-4848-9445-4fb3dc439e03,EH3 6LW,EH3,"New Town, West End, Tollcross, Fountainbridge, Haymarket"
Flat,2,"Flat 11, 1, Kingsknowe Place, Kingsknowe, Edinburgh EH14 2EG",160000,80000,2026-04-21,https://www.rightmove.co.uk/house-prices/details/26a472cf-485d-4c74-a2d1-cd2b5bc24e72,EH14 2EG,EH14,"Slateford, Longstone, Wester Hailes, Juniper Green, Currie, Balerno, Baberton"
Flat,2,"3f2, 38, Milton Street, Abbeyhill, Edinburgh EH8 8HD",230000,115000,2026-04-21,https://www.rightmove.co.uk/house-prices/details/58b9ee92-65a5-44ff-926b-c2e23a458cc7,EH8 8HD,EH8,"Southside, Newington, Canongate, Northfield, Mountcastle, Abbeyhill"
Flat,1,"3f3, 14, Wardlaw Street, Gorgie, Edinburgh EH11 1TR",170000,170000,2026-04-21,https://www.rightmove.co.uk/house-prices/details/ac1fa070-fade-4152-b410-6670378a2ed9,EH11 1TR,EH11,"Haymarket, Dalry, Gorgie, Stenhouse, Sighthill, The Calders, Slateford"
Flat,2,"27, Parkhead Loan, Parkhead, Edinburgh EH11 4SJ",180111,90055,2026-04-21,https://www.rightmove.co.uk/house-prices/details/066e776d-28d5-4d12-bdd3-d6ec75332b22,EH11 4SJ,EH11,"Haymarket, Dalry, Gorgie, Stenhouse, Sighthill, The Calders, Slateford"
Detached,4,"24, Alemoor Park, Lochend, Edinburgh EH7 6US",451633,112908,2026-04-21,https://www.rightmove.co.uk/house-prices/details/4a8f76f0-3305-4d85-8ae6-28a02d72a250,EH7 6US,EH7,"Leith, Pilrig, Bonnington, Restalrig, Craigentinny, Abbeyhill"
Flat,2,"2f2, 3, Whitson Place East, Stenhouse, Edinburgh EH11 3BB",180000,90000,2026-04-20,https://www.rightmove.co.uk/house-prices/details/e62aaefa-8a74-4959-8891-69d2d556df1d,EH11 3BB,EH11,"Haymarket, Dalry, Gorgie, Stenhouse, Sighthill, The Calders, Slateford"
Flat,2,"1f2, 114, Wester Drylaw Drive, Wester Drylaw, Edinburgh EH4 2SZ",160000,80000,2026-04-20,https://www.rightmove.co.uk/house-prices/details/d827c9e1-19ae-4d6a-9d13-55d9da0a0ea1,EH4 2SZ,EH4,"Dean Village, Comely Bank, Craigleith, Blackhall, Barnton, Cramond, Davidson's Mains"
Flat,2,"Flat 18, 196, Lindsay Road, Newhaven, Edinburgh EH6 6ND",405000,202500,2026-04-20,https://www.rightmove.co.uk/house-prices/details/84bdad0c-631b-41fb-aa16-1ce72c92e13c,EH6 6ND,EH6,"Leith, The Shore, Leith Links, Newhaven"
Semi-Detached,3,"135, Craigmount Brae, Craigmount, Edinburgh EH12 8XW",350000,116666,2026-04-20,https://www.rightmove.co.uk/house-prices/details/4371889b-7867-4003-868a-0020eee7795f,EH12 8XW,EH12,"Haymarket, Murrayfield, Roseburn, Corstorphine, South Gyle"
Flat,3,"Flat 6, 95, Ocean Drive, North Leith, Edinburgh EH6 6BW",390000,130000,2026-04-20,https://www.rightmove.co.uk/house-prices/details/226ec83b-4fdf-4ea4-bed5-b8161f39dc5e,EH6 6BW,EH6,"Leith, The Shore, Leith Links, Newhaven"
Flat,2,"10, Ropemaker Street, South Leith, Edinburgh EH6 7AN",265000,132500,2026-04-20,https://www.rightmove.co.uk/house-prices/details/d234a238-6879-4881-b259-5e4737992651,EH6 7AN,EH6,"Leith, The Shore, Leith Links, Newhaven"
Flat,4,"1f2, 374, Gorgie Road, Gorgie, Edinburgh EH11 2RQ",276500,69125,2026-04-20,https://www.rightmove.co.uk/house-prices/details/c27c4ac3-1584-4138-aa27-32f30dcfbcc9,EH11 2RQ,EH11,"Haymarket, Dalry, Gorgie, Stenhouse, Sighthill, The Calders, Slateford"
Semi-Detached,3,"14, Milligan Drive, Greendykes, Edinburgh EH16 4WJ",265000,88333,2026-04-20,https://www.rightmove.co.uk/house-prices/details/e53f4e3b-0cdc-494b-a385-f82fb2c91aff,EH16 4WJ,EH16,"Liberton, Cameron Toll, Craigmillar, Niddrie, Gilmerton"
Detached,3,"27, Coillesdene Crescent, Joppa, Edinburgh EH15 2JJ",483000,161000,2026-04-20,https://www.rightmove.co.uk/house-prices/details/f13f9013-4120-46ec-90b3-fa1dac71323f,EH15 2JJ,EH15,"Portobello, Duddingston, Joppa, Brunstane, Craigentinny"
Flat,2,"Flat 8, 11, East Pilton Farm Rigg, Pilton, Edinburgh EH5 2GE",258217,129108,2026-04-20,https://www.rightmove.co.uk/house-prices/details/6285b226-8923-4015-8daf-be06077bce23,EH5 2GE,EH5,"Granton, Granton Harbour, Wardie, Trinity, Newhaven"
Terraced,1,"20, Kingston Avenue, Inch, Edinburgh EH16 5SP",155000,155000,2026-04-20,https://www.rightmove.co.uk/house-prices/details/72a9b808-5ca7-41fd-b9bb-8df5093e0686,EH16 5SP,EH16,"Liberton, Cameron Toll, Craigmillar, Niddrie, Gilmerton"
NULL,2,"Flat 5, 203, Great Junction Street, North Leith, Edinburgh EH6 5RU",260000,130000,2026-04-20,https://www.rightmove.co.uk/house-prices/details/f5836d0d-a3c0-41d5-8072-db88829bb8a2,EH6 5RU,EH6,"Leith, The Shore, Leith Links, Newhaven"
Terraced,2,"49, Eltringham Terrace, Slateford, Edinburgh EH14 1RZ",330000,165000,2026-04-20,https://www.rightmove.co.uk/house-prices/details/80712704-155b-4b86-a65d-717c7855d5a9,EH14 1RZ,EH14,"Slateford, Longstone, Wester Hailes, Juniper Green, Currie, Balerno, Baberton"
Flat,2,"3f2, 1, Caledonian Road, Dalry, Edinburgh EH11 2DA",280257,140128,2026-04-20,https://www.rightmove.co.uk/house-prices/details/293a4d6b-b060-4605-ad3a-232c9e15999f,EH11 2DA,EH11,"Haymarket, Dalry, Gorgie, Stenhouse, Sighthill, The Calders, Slateford"
Semi-Detached,3,"6, Kane Wynd, Greendykes, Edinburgh EH16 4XE",300000,100000,2026-04-20,https://www.rightmove.co.uk/house-prices/details/a0b0afad-bfb9-4524-b2ab-8317ae74ffe4,EH16 4XE,EH16,"Liberton, Cameron Toll, Craigmillar, Niddrie, Gilmerton"
Flat,2,"Flat 9, 5, Portland Gardens, Newhaven, Edinburgh EH6 6NQ",270000,135000,2026-04-20,https://www.rightmove.co.uk/house-prices/details/dffc85d2-ef16-4639-b9ba-965ec825c51b,EH6 6NQ,EH6,"Leith, The Shore, Leith Links, Newhaven"
Terraced,4,"2f1, 16, East Norton Place, Abbeyhill, Edinburgh EH7 5DR",370000,92500,2026-04-20,https://www.rightmove.co.uk/house-prices/details/e8328c87-b02d-406c-8e58-b5996dc78111,EH7 5DR,EH7,"Leith, Pilrig, Bonnington, Restalrig, Craigentinny, Abbeyhill"
Terraced,3,"60, Broomhall Drive, Broomhall, Edinburgh EH12 7QP",320000,106666,2026-04-20,https://www.rightmove.co.uk/house-prices/details/d6e47b14-2d07-4a56-a661-14c93c6e5150,EH12 7QP,EH12,"Haymarket, Murrayfield, Roseburn, Corstorphine, South Gyle"
Terraced,4,"18, Broomhall Loan, Broomhall, Edinburgh EH12 7PY",330000,82500,2026-04-20,https://www.rightmove.co.uk/house-prices/details/edcdcbdd-b59d-497d-ae66-49ec45d5a86c,EH12 7PY,EH12,"Haymarket, Murrayfield, Roseburn, Corstorphine, South Gyle"
Flat,1,"2f2, 8, Salamander Street, South Leith, Edinburgh EH6 7HR",170000,170000,2026-04-20,https://www.rightmove.co.uk/house-prices/details/794f1c3a-251e-46bb-9721-18bf4f343846,EH6 7HR,EH6,"Leith, The Shore, Leith Links, Newhaven"
Flat,2,"Flat 5, 16, New Orchardfield, Pilrig, Edinburgh EH6 5ET",230862,115431,2026-04-20,https://www.rightmove.co.uk/house-prices/details/4a687ae9-5563-4279-93f7-79c9592617cf,EH6 5ET,EH6,"Leith, The Shore, Leith Links, Newhaven"
Flat,2,"29a, Broughton Place, Broughton, Edinburgh EH1 3RW",45750,22875,2026-04-20,https://www.rightmove.co.uk/house-prices/details/183cb075-4319-4a57-8b47-6b20188069c6,EH1 3RW,EH1,"Old Town, Holyrood, Canongate, City Centre"
Flat,2,"Flat 25, 3, North Werber Park, Craigleith, Edinburgh EH4 1SY",280000,140000,2026-04-20,https://www.rightmove.co.uk/house-prices/details/4633373d-9262-4fd9-b1ba-c8db9f8095de,EH4 1SY,EH4,"Dean Village, Comely Bank, Craigleith, Blackhall, Barnton, Cramond, Davidson's Mains"
Semi-Detached,3,"6, Hopper Gardens, Newcraighall, Musselburgh EH21 8RJ",325390,108463,2026-04-20,https://www.rightmove.co.uk/house-prices/details/a68636b9-5990-46e0-89b7-b32f3db0b7b7,EH21 8RJ,EH21,"Musselburgh, Fisherrow, Inveresk, Levenhall, Monktonhall, Pinkie, Stoneybank, Wallyford"
Terraced,2,"39, Parkgrove Street, Barnton, Edinburgh EH4 7NT",243000,121500,2026-04-20,https://www.rightmove.co.uk/house-prices/details/e3c5ebe2-27e0-4041-aef9-f4ac3747200c,EH4 7NT,EH4,"Dean Village, Comely Bank, Craigleith, Blackhall, Barnton, Cramond, Davidson's Mains"
Flat,2,"Flat 8, 14, East Pilton Farm Crescent, Pilton, Edinburgh EH5 2GH",248550,124275,2026-04-20,https://www.rightmove.co.uk/house-prices/details/10e26b0f-e364-444a-a99b-3881e6ac7788,EH5 2GH,EH5,"Granton, Granton Harbour, Wardie, Trinity, Newhaven"
Flat,2,"Flat 36, 2, Manse Road, Broomhall, Edinburgh EH12 7SN",276000,138000,2026-04-20,https://www.rightmove.co.uk/house-prices/details/b6cdd0ac-98fd-4058-aed9-6e5aeeca7665,EH12 7SN,EH12,"Haymarket, Murrayfield, Roseburn, Corstorphine, South Gyle"
Flat,1,"1f1, 55, Montrose Terrace, Abbeyhill, Edinburgh EH7 5DJ",230000,230000,2026-04-20,https://www.rightmove.co.uk/house-prices/details/1dbbea64-5405-4619-8ac0-371450db68cf,EH7 5DJ,EH7,"Leith, Pilrig, Bonnington, Restalrig, Craigentinny, Abbeyhill"
Terraced,3,"30, Nether Craigour, Moredun, Edinburgh EH17 7SB",305000,101666,2026-04-20,https://www.rightmove.co.uk/house-prices/details/4ff99c20-7481-4c43-98b5-ea08ecee876d,EH17 7SB,EH17,"Gilmerton, Moredun, Mortonhall, Fernieside, Gracemount, Southhouse"
Flat,2,"3f1, 27, Restalrig Road, Lochend, Edinburgh EH6 8BB",316624,158312,2026-04-20,https://www.rightmove.co.uk/house-prices/details/a115cff9-f15b-47d9-b024-dde38e1a9eaf,EH6 8BB,EH6,"Leith, The Shore, Leith Links, Newhaven"
Flat,1,"1f4, 13, Wheatfield Street, Gorgie, Edinburgh EH11 2PB",168000,168000,2026-04-20,https://www.rightmove.co.uk/house-prices/details/e10591f3-91f6-459b-bdde-7bc15fa47bed,EH11 2PB,EH11,"Haymarket, Dalry, Gorgie, Stenhouse, Sighthill, The Calders, Slateford"
Flat,2,"Flat 14, 11, Russell Gardens, Roseburn, Edinburgh EH12 5PG",250495,125247,2026-04-20,https://www.rightmove.co.uk/house-prices/details/910c161f-1499-4872-8d7a-85fd193cb7cb,EH12 5PG,EH12,"Haymarket, Murrayfield, Roseburn, Corstorphine, South Gyle"
Flat,2,"Flat 71, 87, Pennywell Gardens, Muirhouse, Edinburgh EH4 4TF",115000,57500,2026-04-20,https://www.rightmove.co.uk/house-prices/details/73c2fe0a-a3d9-443a-8927-e1a9db87340a,EH4 4TF,EH4,"Dean Village, Comely Bank, Craigleith, Blackhall, Barnton, Cramond, Davidson's Mains"
Flat,2,"41, Granton Place, Boswall, Edinburgh EH5 1AW",191200,95600,2026-04-20,https://www.rightmove.co.uk/house-prices/details/49aa489f-3f40-4144-a119-9ee93cf1160b,EH5 1AW,EH5,"Granton, Granton Harbour, Wardie, Trinity, Newhaven"
Terraced,2,"1, Bonaly Steading, Colinton, Edinburgh EH13 0HA",620000,310000,2026-04-20,https://www.rightmove.co.uk/house-prices/details/f85d94ce-250d-4b80-a364-3a905eaa3ba4,EH13 0HA,EH13,"Colinton, Oxgangs, Fairmilehead"
Terraced,3,"12f, Baileyfield Road, Portobello West, Edinburgh EH15 1DL",351000,117000,2026-04-20,https://www.rightmove.co.uk/house-prices/details/4087ab9e-2ce7-4cb0-ac3a-29cddbef94b7,EH15 1DL,EH15,"Portobello, Duddingston, Joppa, Brunstane, Craigentinny"
Flat,3,"Flat 5, 112, Crewe Road North, Royston, Edinburgh EH5 2NE",268000,89333,2026-04-20,https://www.rightmove.co.uk/house-prices/details/74b1260e-dbf9-4d76-8ca1-0604f620d95e,EH5 2NE,EH5,"Granton, Granton Harbour, Wardie, Trinity, Newhaven"
Flat,2,"1f4, 25, Jordan Lane, Morningside, Edinburgh EH10 4QZ",275000,137500,2026-04-20,https://www.rightmove.co.uk/house-prices/details/ff921c74-3737-4514-8a0f-49f9cc4f5ace,EH10 4QZ,EH10,"Bruntsfield, Morningside, Fairmilehead, Braid Hills, Greenhill"
Flat,2,"18, Whitson Grove, Stenhouse, Edinburgh EH11 3DS",153000,76500,2026-04-20,https://www.rightmove.co.uk/house-prices/details/9a912c4e-a12c-45dc-8563-85dee2477b8c,EH11 3DS,EH11,"Haymarket, Dalry, Gorgie, Stenhouse, Sighthill, The Calders, Slateford"
Terraced,3,"58, Mountcastle Crescent, Mountcastle, Edinburgh EH8 7SB",325000,108333,2026-04-20,https://www.rightmove.co.uk/house-prices/details/c3b06987-8418-4802-b656-10417bbeed3a,EH8 7SB,EH8,"Southside, Newington, Canongate, Northfield, Mountcastle, Abbeyhill"
Terraced,3,"72, Kirk Brae, Liberton, Edinburgh EH16 6JA",322000,107333,2026-04-20,https://www.rightmove.co.uk/house-prices/details/aab96e21-effc-4d56-937f-2b1fcf917529,EH16 6JA,EH16,"Liberton, Cameron Toll, Craigmillar, Niddrie, Gilmerton"
Detached,2,"48, Barony Terrace, Craigmount, Edinburgh EH12 8RF",352000,176000,2026-04-20,https://www.rightmove.co.uk/house-prices/details/70417dd2-4bb0-43ee-b845-e55a478bc1a6,EH12 8RF,EH12,"Haymarket, Murrayfield, Roseburn, Corstorphine, South Gyle"
Flat,3,"Flat 4, 16, Cramond Road North, Cramond, Edinburgh EH4 6JE",330000,110000,2026-04-20,https://www.rightmove.co.uk/house-prices/details/7b2c9e6d-1361-4423-8131-76f3c28c864c,EH4 6JE,EH4,"Dean Village, Comely Bank, Craigleith, Blackhall, Barnton, Cramond, Davidson's Mains"
Flat,1,"Flat 22, 4, Constitution Street, South Leith, Edinburgh EH6 7BT",261505,261505,2026-04-20,https://www.rightmove.co.uk/house-prices/details/0a87c583-7c85-4f3e-a180-fd16517f8160,EH6 7BT,EH6,"Leith, The Shore, Leith Links, Newhaven"
Flat,3,"11, Greenbank Drive, Greenbank, Edinburgh EH10 5RE",575000,191666,2026-04-20,https://www.rightmove.co.uk/house-prices/details/7ee64f4b-d4bd-4fe1-937c-fb5337573b7d,EH10 5RE,EH10,"Bruntsfield, Morningside, Fairmilehead, Braid Hills, Greenhill"
Flat,2,"11, Warriston Avenue, Warriston, Edinburgh EH3 5ND",450000,225000,2026-04-20,https://www.rightmove.co.uk/house-prices/details/e8171bdb-78ea-4729-8004-41f7dc6133a3,EH3 5ND,EH3,"New Town, West End, Tollcross, Fountainbridge, Haymarket"
Terraced,3,"38, Eliza Wigham Bow, Burdiehouse, Edinburgh EH17 8WX",310000,103333,2026-04-20,https://www.rightmove.co.uk/house-prices/details/af17af06-c219-4403-8781-1440a5a533bb,EH17 8WX,EH17,"Gilmerton, Moredun, Mortonhall, Fernieside, Gracemount, Southhouse"
Flat,2,"Flat 1, 40, Henderson Place, Stockbridge, Edinburgh EH3 5DJ",725000,362500,2026-04-20,https://www.rightmove.co.uk/house-prices/details/ac1e894b-45f7-45db-8f22-44f4f9a36142,EH3 5DJ,EH3,"New Town, West End, Tollcross, Fountainbridge, Haymarket"
Flat,2,"Flat 11, 5, Tinto Place, Bonnington, Edinburgh EH6 5BG",268215,134107,2026-04-20,https://www.rightmove.co.uk/house-prices/details/89554cf9-383f-483f-80e5-43a6b5886bc4,EH6 5BG,EH6,"Leith, The Shore, Leith Links, Newhaven"
Terraced,4,"9, Mortonhall Park Grove, Mortonhall, Edinburgh EH17 8SJ",420000,105000,2026-04-20,https://www.rightmove.co.uk/house-prices/details/c11b7f29-f1c5-458f-92ea-95fd9a97d68c,EH17 8SJ,EH17,"Gilmerton, Moredun, Mortonhall, Fernieside, Gracemount, Southhouse"
Flat,1,"Pf3, 26, Wardlaw Place, Gorgie, Edinburgh EH11 1UQ",149500,149500,2026-04-20,https://www.rightmove.co.uk/house-prices/details/138207b2-ba77-4344-b4bd-b94276f8e813,EH11 1UQ,EH11,"Haymarket, Dalry, Gorgie, Stenhouse, Sighthill, The Calders, Slateford"
Flat,1,"Flat 3, 40, Henderson Place, Stockbridge, Edinburgh EH3 5DJ",415000,415000,2026-04-20,https://www.rightmove.co.uk/house-prices/details/de1d9114-8078-4de2-bb8f-d0b13b0ddc7e,EH3 5DJ,EH3,"New Town, West End, Tollcross, Fountainbridge, Haymarket"
Flat,2,"100, Inchview Terrace, Craigentinny, Edinburgh EH7 6TF",245000,122500,2026-04-20,https://www.rightmove.co.uk/house-prices/details/6c9e6ed6-e552-4664-8a63-18da971084b4,EH7 6TF,EH7,"Leith, Pilrig, Bonnington, Restalrig, Craigentinny, Abbeyhill"
Flat,3,"Pf2, 42, Montgomery Street, Hillside, Edinburgh EH7 5JY",438000,146000,2026-04-20,https://www.rightmove.co.uk/house-prices/details/8a637408-2c3f-4b3d-ae21-2f6ae2a59b02,EH7 5JY,EH7,"Leith, Pilrig, Bonnington, Restalrig, Craigentinny, Abbeyhill"
Flat,1,"1f4, 3, Millar Place, Morningside, Edinburgh EH10 5HJ",202000,202000,2026-04-20,https://www.rightmove.co.uk/house-prices/details/00a237a2-a848-4f55-bca3-1adc7a02b5ad,EH10 5HJ,EH10,"Bruntsfield, Morningside, Fairmilehead, Braid Hills, Greenhill"
Flat,1,"1f2, 5, Viewforth Square, Viewforth, Edinburgh EH10 4LP",315000,315000,2026-04-20,https://www.rightmove.co.uk/house-prices/details/a2628814-23ad-4f24-9219-72f947bb384d,EH10 4LP,EH10,"Bruntsfield, Morningside, Fairmilehead, Braid Hills, Greenhill"
Flat,1,"3f2, 9, Royal Park Terrace, Abbeyhill, Edinburgh EH8 8JD",225000,225000,2026-04-20,https://www.rightmove.co.uk/house-prices/details/32858bee-19a7-468c-9f35-7a5e11ae687a,EH8 8JD,EH8,"Southside, Newington, Canongate, Northfield, Mountcastle, Abbeyhill"
Flat,1,"3f2, 9, Brunton Terrace, Hillside, Edinburgh EH7 5EH",220000,220000,2026-04-20,https://www.rightmove.co.uk/house-prices/details/e8ea2082-841d-487a-bf02-7eeba2c23957,EH7 5EH,EH7,"Leith, Pilrig, Bonnington, Restalrig, Craigentinny, Abbeyhill"
Terraced,3,"26, Lady Nairne Crescent, Duddingston, Edinburgh EH8 7PF",375000,125000,2026-04-17,https://www.rightmove.co.uk/house-prices/details/e5f02bdf-3ae1-4150-9e08-80b61c54e16d,EH8 7PF,EH8,"Southside, Newington, Canongate, Northfield, Mountcastle, Abbeyhill"
Terraced,5,"36, Ormidale Terrace, Murrayfield, Edinburgh EH12 6EF",1072908,214581,2026-04-17,https://www.rightmove.co.uk/house-prices/details/28f4d897-c213-423a-a254-cd2d9cd811a5,EH12 6EF,EH12,"Haymarket, Murrayfield, Roseburn, Corstorphine, South Gyle"
NULL,4,"11, Bannerman Terrace, Gilmerton, Edinburgh EH17 8YD",426000,106500,2026-04-17,https://www.rightmove.co.uk/house-prices/details/84e9882b-7d63-4b72-83a3-9a3f935690d2,EH17 8YD,EH17,"Gilmerton, Moredun, Mortonhall, Fernieside, Gracemount, Southhouse"
Flat,2,"Flat 17, 13, Hughes Close, Warriston, Edinburgh EH7 4FW",360000,180000,2026-04-17,https://www.rightmove.co.uk/house-prices/details/1e2d0e70-630a-426e-996e-4c327787c90d,EH7 4FW,EH7,"Leith, Pilrig, Bonnington, Restalrig, Craigentinny, Abbeyhill"
Terraced,1,"110, Stuart Crescent, Craigmount, Edinburgh EH12 8XT",185000,185000,2026-04-17,https://www.rightmove.co.uk/house-prices/details/e2f74c3d-ed20-475a-bafc-d996311fcd31,EH12 8XT,EH12,"Haymarket, Murrayfield, Roseburn, Corstorphine, South Gyle"
Detached,3,"11, Torphin Road, Colinton, Edinburgh EH13 0HN",550000,183333,2026-04-17,https://www.rightmove.co.uk/house-prices/details/9107baec-7c4d-4d8a-8b62-a93faacacb2c,EH13 0HN,EH13,"Colinton, Oxgangs, Fairmilehead"
Flat,2,"Flat 84, 26, Viewforth, Edinburgh EH10 4FF",525000,262500,2026-04-17,https://www.rightmove.co.uk/house-prices/details/b1929a5a-c43c-47e7-8174-c33ce96ab0dc,EH10 4FF,EH10,"Bruntsfield, Morningside, Fairmilehead, Braid Hills, Greenhill"
Flat,1,"Flat 5, 132, Pleasance, Newington, Edinburgh EH8 9TL",218500,218500,2026-04-17,https://www.rightmove.co.uk/house-prices/details/0345dd11-4665-4bb2-907a-6531c381c942,EH8 9TL,EH8,"Southside, Newington, Canongate, Northfield, Mountcastle, Abbeyhill"
Terraced,2,"46, Broomhall Gardens, Broomhall, Edinburgh EH12 7QD",320000,160000,2026-04-17,https://www.rightmove.co.uk/house-prices/details/76791e06-2c7f-45c2-9388-323b3c422377,EH12 7QD,EH12,"Haymarket, Murrayfield, Roseburn, Corstorphine, South Gyle"
Flat,1,"2f3, 4, Taylor Place, Abbeyhill, Edinburgh EH7 5TQ",150000,150000,2026-04-17,https://www.rightmove.co.uk/house-prices/details/e5d8616a-3086-4ceb-a757-acc761074d79,EH7 5TQ,EH7,"Leith, Pilrig, Bonnington, Restalrig, Craigentinny, Abbeyhill"
Semi-Detached,3,"73, Redhall Road, Kingsknowe, Edinburgh EH14 2HN",285000,95000,2026-04-17,https://www.rightmove.co.uk/house-prices/details/5cc8a2b4-545e-414a-8997-8bd3bf122ba6,EH14 2HN,EH14,"Slateford, Longstone, Wester Hailes, Juniper Green, Currie, Balerno, Baberton"
Semi-Detached,4,"6, Blacket Place, Newington, Edinburgh EH9 1RL",1207500,301875,2026-04-17,https://www.rightmove.co.uk/house-prices/details/681e6b4e-e55f-4b74-b43d-add64ef16d9d,EH9 1RL,EH9,"Marchmont, The Grange, Blackford, Sciennes, Newington"
Terraced,4,"4, The Bowling Green, Bonnington, Edinburgh EH6 5RN",373000,93250,2026-04-17,https://www.rightmove.co.uk/house-prices/details/60edd2bd-8d38-44f3-9ea6-3685cb946e80,EH6 5RN,EH6,"Leith, The Shore, Leith Links, Newhaven"
Detached,3,"Flat 1, 4, Firecrest Way, Cammo, Edinburgh EH4 8GP",300000,100000,2026-04-17,https://www.rightmove.co.uk/house-prices/details/78ce23c4-4bf0-44c6-8fbd-40651363285e,EH4 8GP,EH4,"Dean Village, Comely Bank, Craigleith, Blackhall, Barnton, Cramond, Davidson's Mains"
Flat,1,"Flat 17, 31, Simpson Loan, Southside, Edinburgh EH3 9GG",330000,330000,2026-04-17,https://www.rightmove.co.uk/house-prices/details/ce46a887-e96f-4343-8ee8-63a18cd4b9ac,EH3 9GG,EH3,"New Town, West End, Tollcross, Fountainbridge, Haymarket"
Flat,2,"Flat 1, 8, Great Carleton Place, Craigmillar, Edinburgh EH16 4TX",153000,76500,2026-04-17,https://www.rightmove.co.uk/house-prices/details/add0a20b-2ff2-4b14-ad74-856b99d19314,EH16 4TX,EH16,"Liberton, Cameron Toll, Craigmillar, Niddrie, Gilmerton"
Flat,2,"Flat 6, 3, Fells Way, Burdiehouse, Edinburgh EH17 8TZ",207000,103500,2026-04-17,https://www.rightmove.co.uk/house-prices/details/688e75a9-97a9-4294-9847-68076ba12de9,EH17 8TZ,EH17,"Gilmerton, Moredun, Mortonhall, Fernieside, Gracemount, Southhouse"
Flat,2,"63, Parkhead Loan, Parkhead, Edinburgh EH11 4SL",160000,80000,2026-04-17,https://www.rightmove.co.uk/house-prices/details/828dd859-9b17-41cc-b9eb-afcc9a118f54,EH11 4SL,EH11,"Haymarket, Dalry, Gorgie, Stenhouse, Sighthill, The Calders, Slateford"
Flat,2,"30, Moat Street, Slateford, Edinburgh EH14 1PJ",282000,141000,2026-04-17,https://www.rightmove.co.uk/house-prices/details/cdbeac0b-561c-49f7-92dc-d33b89fc9012,EH14 1PJ,EH14,"Slateford, Longstone, Wester Hailes, Juniper Green, Currie, Balerno, Baberton"
Flat,2,"1f1, 15, Montpelier, Bruntsfield, Edinburgh EH10 4LZ",357314,178657,2026-04-17,https://www.rightmove.co.uk/house-prices/details/2a5b52aa-d3c8-46e5-95fd-a6b721784d07,EH10 4LZ,EH10,"Bruntsfield, Morningside, Fairmilehead, Braid Hills, Greenhill"
Flat,2,"Flat 4, 5, East Pilton Farm Crescent, Pilton, Edinburgh EH5 2GF",130000,65000,2026-04-17,https://www.rightmove.co.uk/house-prices/details/08c12682-17b5-4af2-b7f8-a1e7934ce11a,EH5 2GF,EH5,"Granton, Granton Harbour, Wardie, Trinity, Newhaven"
Flat,2,"22, Liberton Brae, Alnwickhill, Edinburgh EH16 6AF",315000,157500,2026-04-17,https://www.rightmove.co.uk/house-prices/details/1f742005-e0d9-48a0-8e43-b8d281cb4970,EH16 6AF,EH16,"Liberton, Cameron Toll, Craigmillar, Niddrie, Gilmerton"
Terraced,5,"32, Danube Street, Stockbridge, Edinburgh EH4 1NT",1275000,255000,2026-04-17,https://www.rightmove.co.uk/house-prices/details/755bc66b-919c-4b80-a4ab-f7c842ad01bc,EH4 1NT,EH4,"Dean Village, Comely Bank, Craigleith, Blackhall, Barnton, Cramond, Davidson's Mains"
Flat,3,"11, Plewlands Gardens, Morningside, Edinburgh EH10 5JS",650365,216788,2026-04-17,https://www.rightmove.co.uk/house-prices/details/62f04ff8-d49b-4aad-a331-3c8b8fd62904,EH10 5JS,EH10,"Bruntsfield, Morningside, Fairmilehead, Braid Hills, Greenhill"
Terraced,2,"42, Mountcastle Drive North, Mountcastle, Edinburgh EH8 7SJ",289286,144643,2026-04-17,https://www.rightmove.co.uk/house-prices/details/e0bd2359-d186-47f4-9d45-0c257ca95223,EH8 7SJ,EH8,"Southside, Newington, Canongate, Northfield, Mountcastle, Abbeyhill"
Flat,2,"Flat 6, 5, Albion Gardens, Leith, Edinburgh EH7 5QL",250000,125000,2026-04-17,https://www.rightmove.co.uk/house-prices/details/c1147285-689f-4628-b16c-abfae224f8d9,EH7 5QL,EH7,"Leith, Pilrig, Bonnington, Restalrig, Craigentinny, Abbeyhill"
Terraced,3,"103, Laichpark Road, Slateford, Edinburgh EH14 1XA",303000,101000,2026-04-17,https://www.rightmove.co.uk/house-prices/details/a0712a91-38d4-4446-ab9b-a49e2acaf50a,EH14 1XA,EH14,"Slateford, Longstone, Wester Hailes, Juniper Green, Currie, Balerno, Baberton"
Detached,5,"25, Meadowsweet Drive, Cammo, Edinburgh EH4 8FD",775000,155000,2026-04-17,https://www.rightmove.co.uk/house-prices/details/12169ff6-474d-44a7-b90d-f9a2833e015c,EH4 8FD,EH4,"Dean Village, Comely Bank, Craigleith, Blackhall, Barnton, Cramond, Davidson's Mains"
Flat,2,"Flat 28, 1, Saunders Street, Stockbridge, Edinburgh EH3 6TQ",265000,132500,2026-04-17,https://www.rightmove.co.uk/house-prices/details/585ebdae-f0e2-4d1c-af40-e15737748efb,EH3 6TQ,EH3,"New Town, West End, Tollcross, Fountainbridge, Haymarket"
Flat,1,"1f4, 29, Portobello High Street, Portobello West, Edinburgh EH15 1DE",185000,185000,2026-04-16,https://www.rightmove.co.uk/house-prices/details/671c0e0f-4869-4d7f-8425-787889c6648d,EH15 1DE,EH15,"Portobello, Duddingston, Joppa, Brunstane, Craigentinny"
Terraced,3,"69, Bonnybridge Drive, Newcraighall, Edinburgh EH15 3FB",270000,90000,2026-04-16,https://www.rightmove.co.uk/house-prices/details/ebe60258-a84d-43f1-b82d-7a0ec6641663,EH15 3FB,EH15,"Portobello, Duddingston, Joppa, Brunstane, Craigentinny"
Semi-Detached,2,"11, Granton Mill Road, Pilton, Edinburgh EH4 4UR",258000,129000,2026-04-16,https://www.rightmove.co.uk/house-prices/details/6bc32ccd-a618-43c8-92ba-ea57ce39b4cc,EH4 4UR,EH4,"Dean Village, Comely Bank, Craigleith, Blackhall, Barnton, Cramond, Davidson's Mains"
Flat,2,"Flat 13, 89, Duke Street, South Leith, Edinburgh EH6 8HN",355000,177500,2026-04-16,https://www.rightmove.co.uk/house-prices/details/9b56229e-82a3-4bea-9e30-b18b6a7cf250,EH6 8HN,EH6,"Leith, The Shore, Leith Links, Newhaven"
Semi-Detached,3,"13, Dick Place, Grange, Edinburgh EH9 2JU",1200000,400000,2026-04-16,https://www.rightmove.co.uk/house-prices/details/73207daf-5fed-4beb-8f9d-29dfc2420650,EH9 2JU,EH9,"Marchmont, The Grange, Blackford, Sciennes, Newington"
Semi-Detached,2,"65, Parkgrove Road, Barnton, Edinburgh EH4 7RN",310000,155000,2026-04-16,https://www.rightmove.co.uk/house-prices/details/e4f12e07-0925-46ae-bd0f-cd7670bd4152,EH4 7RN,EH4,"Dean Village, Comely Bank, Craigleith, Blackhall, Barnton, Cramond, Davidson's Mains"
NULL,2,"Flat 23, 32, Dryden Street, Pilrig, Edinburgh EH7 4GQ",375000,187500,2026-04-16,https://www.rightmove.co.uk/house-prices/details/067d75f5-dbe7-4f56-8a22-8e01b5515cfb,EH7 4GQ,EH7,"Leith, Pilrig, Bonnington, Restalrig, Craigentinny, Abbeyhill"
Detached,4,"38, Laichpark Road, Slateford, Edinburgh EH14 1XB",500000,125000,2026-04-16,https://www.rightmove.co.uk/house-prices/details/56a1b50d-1e05-4eac-82e8-5da5cb5feda3,EH14 1XB,EH14,"Slateford, Longstone, Wester Hailes, Juniper Green, Currie, Balerno, Baberton"
Semi-Detached,3,"5, Drum Brae North, Craigmount, Edinburgh EH4 8AR",550000,183333,2026-04-16,https://www.rightmove.co.uk/house-prices/details/7f3cf716-78b5-488a-b0fe-2246b4fa8b98,EH4 8AR,EH4,"Dean Village, Comely Bank, Craigleith, Blackhall, Barnton, Cramond, Davidson's Mains"
Flat,2,"Flat 30, 6, Pilrig Heights, Pilrig, Edinburgh EH6 5BF",280000,140000,2026-04-16,https://www.rightmove.co.uk/house-prices/details/2f9bae20-c188-46b4-8b93-6e290d2890cf,EH6 5BF,EH6,"Leith, The Shore, Leith Links, Newhaven"
Flat,2,"Flat 5, 20, Great Michael Rise, Newhaven, Edinburgh EH6 4JB",205328,102664,2026-04-16,https://www.rightmove.co.uk/house-prices/details/93eeb9fc-1e15-4792-b7cb-a5fb60ea9f23,EH6 4JB,EH6,"Leith, The Shore, Leith Links, Newhaven"
Terraced,5,"30, Burnbrae Grove, North Gyle, Edinburgh EH12 8BF",585000,117000,2026-04-16,https://www.rightmove.co.uk/house-prices/details/c1c06fb4-4f49-47d2-90ee-630cf6016deb,EH12 8BF,EH12,"Haymarket, Murrayfield, Roseburn, Corstorphine, South Gyle"
Terraced,3,"Flat 3, 21, Bughtlin Gardens, Bughtlin, Edinburgh EH12 8XB",275000,91666,2026-04-16,https://www.rightmove.co.uk/house-prices/details/e36e1a6f-c5d4-4dab-a49a-bc317de6c89a,EH12 8XB,EH12,"Haymarket, Murrayfield, Roseburn, Corstorphine, South Gyle"
Flat,2,"Flat 29, 39, Pilrig Heights, Pilrig, Edinburgh EH6 5FD",265000,132500,2026-04-16,https://www.rightmove.co.uk/house-prices/details/39ebed42-0554-46a2-98b2-fb5104341497,EH6 5FD,EH6,"Leith, The Shore, Leith Links, Newhaven"
Flat,2,"1f1, 55, Cumberland Street, Stockbridge, Edinburgh EH3 6RA",448500,224250,2026-04-16,https://www.rightmove.co.uk/house-prices/details/e3b721b4-cd14-4aea-884f-481ae6735f56,EH3 6RA,EH3,"New Town, West End, Tollcross, Fountainbridge, Haymarket"
Flat,2,"Flat 11, 10, Giles Street, North Leith, Edinburgh EH6 6DA",230000,115000,2026-04-16,https://www.rightmove.co.uk/house-prices/details/424c3868-e27a-4246-b2ea-e6cc6ef502d6,EH6 6DA,EH6,"Leith, The Shore, Leith Links, Newhaven"
Flat,2,"Flat 4, 4, Waterfront Gait, Granton, Edinburgh EH5 1EP",180000,90000,2026-04-16,https://www.rightmove.co.uk/house-prices/details/4216c7ca-5173-4a81-a55b-03d347c7aa8d,EH5 1EP,EH5,"Granton, Granton Harbour, Wardie, Trinity, Newhaven"
NULL,2,"71, Milligan Drive, Greendykes, Edinburgh EH16 4XD",225000,112500,2026-04-16,https://www.rightmove.co.uk/house-prices/details/be999909-36c4-493e-aac4-67c0b86b1892,EH16 4XD,EH16,"Liberton, Cameron Toll, Craigmillar, Niddrie, Gilmerton"
NULL,2,"Flat 11, 1, Haig Lane, Bonnington, Edinburgh EH6 5GA",301000,150500,2026-04-16,https://www.rightmove.co.uk/house-prices/details/7051897e-c5d2-43ce-a74b-2f8a347d8194,EH6 5GA,EH6,"Leith, The Shore, Leith Links, Newhaven"
Flat,2,"Flat 5, 78, Gylemuir Road, Broomhall, Edinburgh EH12 7DW",235000,117500,2026-04-16,https://www.rightmove.co.uk/house-prices/details/83d459e2-6362-4ede-8095-941bbf419ab8,EH12 7DW,EH12,"Haymarket, Murrayfield, Roseburn, Corstorphine, South Gyle"
Terraced,3,"30, Milnacre, Bonnington, Edinburgh EH6 5TD",340250,113416,2026-04-16,https://www.rightmove.co.uk/house-prices/details/6eaa3c0a-c278-43be-a784-ab783d61e6ae,EH6 5TD,EH6,"Leith, The Shore, Leith Links, Newhaven"
Semi-Detached,4,"43, Lady Nairne Crescent, Duddingston, Edinburgh EH8 7PD",405000,101250,2026-04-16,https://www.rightmove.co.uk/house-prices/details/b91ae469-ea4b-44d4-9d0b-d8b66ef150ba,EH8 7PD,EH8,"Southside, Newington, Canongate, Northfield, Mountcastle, Abbeyhill"
Terraced,3,"219, Mountcastle Crescent, Mountcastle, Edinburgh EH8 7SX",350000,116666,2026-04-16,https://www.rightmove.co.uk/house-prices/details/97a5c899-b9ec-49ee-b9e8-7d550ff162bf,EH8 7SX,EH8,"Southside, Newington, Canongate, Northfield, Mountcastle, Abbeyhill"
Flat,3,"Flat 3, 18, Oxgangs Farm Drive, Oxgangs, Edinburgh EH13 9QQ",165000,55000,2026-04-16,https://www.rightmove.co.uk/house-prices/details/ac1b2e3a-5107-41f2-ba9d-1dcc3431c317,EH13 9QQ,EH13,"Colinton, Oxgangs, Fairmilehead"
Flat,2,"Flat 2, 11, Mid Steil, Greenbank, Edinburgh EH10 5XB",342000,171000,2026-04-16,https://www.rightmove.co.uk/house-prices/details/98e9c5d3-3653-414e-8ff5-3af42b97e648,EH10 5XB,EH10,"Bruntsfield, Morningside, Fairmilehead, Braid Hills, Greenhill"
Detached,3,"61, Vandeleur Avenue, Craigentinny, Edinburgh EH7 6UQ",396000,132000,2026-04-16,https://www.rightmove.co.uk/house-prices/details/19db5192-d667-42f2-99d2-7235f8f04e5e,EH7 6UQ,EH7,"Leith, Pilrig, Bonnington, Restalrig, Craigentinny, Abbeyhill"
Flat,1,"Flat 1, 39, King's Road, Portobello West, Edinburgh EH15 1UE",165000,165000,2026-04-16,https://www.rightmove.co.uk/house-prices/details/bd420253-702a-424e-a563-4eb9f8b23f08,EH15 1UE,EH15,"Portobello, Duddingston, Joppa, Brunstane, Craigentinny"
Flat,2,"18, Shrubhill Walk, Pilrig, Edinburgh EH7 4RB",365000,182500,2026-04-16,https://www.rightmove.co.uk/house-prices/details/6ae0a240-6557-4044-b8d0-027501ce5790,EH7 4RB,EH7,"Leith, Pilrig, Bonnington, Restalrig, Craigentinny, Abbeyhill"
Flat,2,"25a, Dean Park Mews, Stockbridge, Edinburgh EH4 1EE",402500,201250,2026-04-16,https://www.rightmove.co.uk/house-prices/details/be3583a8-220f-437b-8bc9-62efa463022b,EH4 1EE,EH4,"Dean Village, Comely Bank, Craigleith, Blackhall, Barnton, Cramond, Davidson's Mains"
Detached,3,"11, Clermiston Road North, Barnton, Edinburgh EH4 7BL",460000,153333,2026-04-15,https://www.rightmove.co.uk/house-prices/details/b78dd958-806f-48ce-a985-0ff136f70a73,EH4 7BL,EH4,"Dean Village, Comely Bank, Craigleith, Blackhall, Barnton, Cramond, Davidson's Mains"
Flat,3,"Flat 2, 16, East Pilton Farm Rigg, Pilton, Edinburgh EH5 2GE",270000,90000,2026-04-15,https://www.rightmove.co.uk/house-prices/details/a3c9aac1-786a-4839-a1c7-4dddb9da396b,EH5 2GE,EH5,"Granton, Granton Harbour, Wardie, Trinity, Newhaven"
NULL,2,"10, Hewson Way, Greendykes, Edinburgh EH16 4WF",211000,105500,2026-04-15,https://www.rightmove.co.uk/house-prices/details/c94de037-2e6d-47b7-9fa7-bc29102e08b7,EH16 4WF,EH16,"Liberton, Cameron Toll, Craigmillar, Niddrie, Gilmerton"
Flat,1,"3f4, 255, Gorgie Road, Gorgie, Edinburgh EH11 1TX",137500,137500,2026-04-15,https://www.rightmove.co.uk/house-prices/details/32aa4b8b-52e9-49e6-96a1-03cc0e9b78d7,EH11 1TX,EH11,"Haymarket, Dalry, Gorgie, Stenhouse, Sighthill, The Calders, Slateford"
Semi-Detached,3,"66, Caiystane Gardens, Caiystane, Edinburgh EH10 6SY",330000,110000,2026-04-15,https://www.rightmove.co.uk/house-prices/details/1ae78a13-f9c4-4880-9c8a-01ef20aac681,EH10 6SY,EH10,"Bruntsfield, Morningside, Fairmilehead, Braid Hills, Greenhill"
Flat,1,"3f3, 2, Springfield Buildings, Pilrig, Edinburgh EH6 5EG",140000,140000,2026-04-15,https://www.rightmove.co.uk/house-prices/details/bb127e8c-5000-4e13-a963-508a68c3a88b,EH6 5EG,EH6,"Leith, The Shore, Leith Links, Newhaven"
Semi-Detached,3,"11, Janefield, Burdiehouse, Edinburgh EH17 8TA",290000,96666,2026-04-15,https://www.rightmove.co.uk/house-prices/details/0bf64a9b-27df-44f8-9a01-a2ef3accd996,EH17 8TA,EH17,"Gilmerton, Moredun, Mortonhall, Fernieside, Gracemount, Southhouse"
Flat,2,"1f1, 19, Rodney Street, Broughton, Edinburgh EH7 4EN",235000,117500,2026-04-15,https://www.rightmove.co.uk/house-prices/details/8acb19fe-6bdf-49ba-b2f5-c2eeb931b927,EH7 4EN,EH7,"Leith, Pilrig, Bonnington, Restalrig, Craigentinny, Abbeyhill"
Terraced,3,"10, West Annandale Street, Broughton, Edinburgh EH7 4JU",490000,163333,2026-04-15,https://www.rightmove.co.uk/house-prices/details/9cc56a37-7b51-4cf9-8167-fae6b183ef63,EH7 4JU,EH7,"Leith, Pilrig, Bonnington, Restalrig, Craigentinny, Abbeyhill"
Flat,2,"3, Rosefield Place, Portobello West, Edinburgh EH15 1AZ",1000000,500000,2026-04-15,https://www.rightmove.co.uk/house-prices/details/3d68f926-cb46-4344-bc7b-61f3adca97c3,EH15 1AZ,EH15,"Portobello, Duddingston, Joppa, Brunstane, Craigentinny"
Flat,1,"Pf1, 2, Grove Street, Fountainbridge, Edinburgh EH3 8BB",260000,260000,2026-04-15,https://www.rightmove.co.uk/house-prices/details/ecc34a99-109f-4636-961e-7b236adc3ef4,EH3 8BB,EH3,"New Town, West End, Tollcross, Fountainbridge, Haymarket"
Flat,1,"28, Kimmerghame Place, Craigleith, Edinburgh EH4 2GE",255000,255000,2026-04-15,https://www.rightmove.co.uk/house-prices/details/1bb957b4-c80d-46d1-baa5-c84f7e8247ad,EH4 2GE,EH4,"Dean Village, Comely Bank, Craigleith, Blackhall, Barnton, Cramond, Davidson's Mains"
Flat,1,"1f1, 37, Bryson Road, Polwarth, Edinburgh EH11 1DY",156000,156000,2026-04-15,https://www.rightmove.co.uk/house-prices/details/929e35da-29c1-4900-9b49-c2b66006d8f7,EH11 1DY,EH11,"Haymarket, Dalry, Gorgie, Stenhouse, Sighthill, The Calders, Slateford"
Semi-Detached,2,"105, Gilberstoun, Brunstane, Edinburgh EH15 2RA",233000,116500,2026-04-15,https://www.rightmove.co.uk/house-prices/details/4b1341ab-34bc-4287-846a-488edcf04282,EH15 2RA,EH15,"Portobello, Duddingston, Joppa, Brunstane, Craigentinny"
Flat,2,"Flat 63, 77, Barnton Park View, Barnton, Edinburgh EH4 6EL",210000,105000,2026-04-15,https://www.rightmove.co.uk/house-prices/details/0e8e3315-34e7-4fbc-b702-5a4411a654f1,EH4 6EL,EH4,"Dean Village, Comely Bank, Craigleith, Blackhall, Barnton, Cramond, Davidson's Mains"
Terraced,3,"80, Trafalgar Lane, Bonnington, Edinburgh EH6 4DQ",263000,87666,2026-04-15,https://www.rightmove.co.uk/house-prices/details/f43e6a01-c312-4477-a146-1ed51245e37f,EH6 4DQ,EH6,"Leith, The Shore, Leith Links, Newhaven"
Terraced,5,"7, Merchiston Bank Gardens, Morningside, Edinburgh EH10 5EB",1270000,254000,2026-04-15,https://www.rightmove.co.uk/house-prices/details/6934c98e-79a3-4855-97a7-2b41589dd3a1,EH10 5EB,EH10,"Bruntsfield, Morningside, Fairmilehead, Braid Hills, Greenhill"
Flat,2,"Flat 13, 17, Hughes Close, Warriston, Edinburgh EH7 4GN",370000,185000,2026-04-15,https://www.rightmove.co.uk/house-prices/details/9e621b94-6630-4041-b6d8-1cf017686c88,EH7 4GN,EH7,"Leith, Pilrig, Bonnington, Restalrig, Craigentinny, Abbeyhill"
Flat,3,"Flat 4, 1, Pitsligo Road, Morningside, Edinburgh EH10 4RY",1511100,503700,2026-04-15,https://www.rightmove.co.uk/house-prices/details/8f96c8b4-7035-4c3b-ab5b-f9d3c45f2a37,EH10 4RY,EH10,"Bruntsfield, Morningside, Fairmilehead, Braid Hills, Greenhill"
Flat,1,"3f4, 7, Watson Crescent, Polwarth, Edinburgh EH11 1HD",155000,155000,2026-04-15,https://www.rightmove.co.uk/house-prices/details/97929092-05dd-43b5-9c5d-ca808fb731ac,EH11 1HD,EH11,"Haymarket, Dalry, Gorgie, Stenhouse, Sighthill, The Calders, Slateford"
Flat,1,"1f1, 18, Stenhouse Avenue West, Stenhouse, Edinburgh EH11 3EU",162000,162000,2026-04-15,https://www.rightmove.co.uk/house-prices/details/58542831-0be9-4861-bdc0-122bea3da0a3,EH11 3EU,EH11,"Haymarket, Dalry, Gorgie, Stenhouse, Sighthill, The Calders, Slateford"
Flat,4,"2f1, 72, Falcon Avenue, Morningside, Edinburgh EH10 4AW",520100,130025,2026-04-15,https://www.rightmove.co.uk/house-prices/details/447e1c2d-9b62-4834-9044-5b73b494ac74,EH10 4AW,EH10,"Bruntsfield, Morningside, Fairmilehead, Braid Hills, Greenhill"
Semi-Detached,3,"18, King's Meadow, Prestonfield, Edinburgh EH16 5JW",368995,122998,2026-04-15,https://www.rightmove.co.uk/house-prices/details/bc6664e9-4f12-438b-9a49-1d44cc4cf34b,EH16 5JW,EH16,"Liberton, Cameron Toll, Craigmillar, Niddrie, Gilmerton"
Flat,2,"Flat 3, 8, Boat Green, Warriston, Edinburgh EH3 5LL",257000,128500,2026-04-15,https://www.rightmove.co.uk/house-prices/details/6c8bad1f-f81f-4b12-adbe-ba686117e46b,EH3 5LL,EH3,"New Town, West End, Tollcross, Fountainbridge, Haymarket"
Detached,5,"105, Meadowspot, Craiglockhart, Edinburgh EH10 5UY",868888,173777,2026-04-15,https://www.rightmove.co.uk/house-prices/details/e2f7ade2-108e-4203-932f-5d8cacb5a1c8,EH10 5UY,EH10,"Bruntsfield, Morningside, Fairmilehead, Braid Hills, Greenhill"
Semi-Detached,3,"30, Paisley Avenue, Duddingston, Edinburgh EH8 7LG",438700,146233,2026-04-15,https://www.rightmove.co.uk/house-prices/details/c8011335-d5c2-49f8-b334-4641f47e3235,EH8 7LG,EH8,"Southside, Newington, Canongate, Northfield, Mountcastle, Abbeyhill"
Detached,4,"116, Tryst Park, Swanston, Edinburgh EH10 7HE",525000,131250,2026-04-15,https://www.rightmove.co.uk/house-prices/details/79ae0c8f-c389-483d-9b67-f2e88fe99470,EH10 7HE,EH10,"Bruntsfield, Morningside, Fairmilehead, Braid Hills, Greenhill"
Flat,2,"11, Mentone Gardens, Prestonfield, Edinburgh EH9 2DJ",277000,138500,2026-04-15,https://www.rightmove.co.uk/house-prices/details/46a06e3b-0cee-44a7-9035-e522fd09c0d3,EH9 2DJ,EH9,"Marchmont, The Grange, Blackford, Sciennes, Newington"
Terraced,1,"Flat 1, 57, Calder Gardens, Calders, Edinburgh EH11 4JT",117500,117500,2026-04-15,https://www.rightmove.co.uk/house-prices/details/c912d53b-999c-4551-907f-4a63de41c29e,EH11 4JT,EH11,"Haymarket, Dalry, Gorgie, Stenhouse, Sighthill, The Calders, Slateford"
Flat,2,"Flat 5, 4, East Pilton Farm Crescent, Pilton, Edinburgh EH5 2GH",236000,118000,2026-04-15,https://www.rightmove.co.uk/house-prices/details/88e73e3d-d56e-4089-9dc0-b7fca010b5a0,EH5 2GH,EH5,"Granton, Granton Harbour, Wardie, Trinity, Newhaven"
Flat,2,"Flat 8, 2, North Pilrig Heights, Pilrig, Edinburgh EH6 5FE",278000,139000,2026-04-15,https://www.rightmove.co.uk/house-prices/details/9840d125-7e87-40e1-9876-d9636f073489,EH6 5FE,EH6,"Leith, The Shore, Leith Links, Newhaven"
Flat,1,"95, Milton Road East, Joppa, Edinburgh EH15 2NL",300000,300000,2026-04-15,https://www.rightmove.co.uk/house-prices/details/35fc09df-d7c7-430d-95e9-7a5a4191e731,EH15 2NL,EH15,"Portobello, Duddingston, Joppa, Brunstane, Craigentinny"
Flat,2,"Flat 4, 15, Ardshiel Avenue, Clerwood, Edinburgh EH4 7HR",155000,77500,2026-04-15,https://www.rightmove.co.uk/house-prices/details/0de9a23f-2417-4387-b45e-80cb9fa25c77,EH4 7HR,EH4,"Dean Village, Comely Bank, Craigleith, Blackhall, Barnton, Cramond, Davidson's Mains"
Flat,1,"1f1, 22, Albert Street, Leith, Edinburgh EH7 5LG",110000,110000,2026-04-15,https://www.rightmove.co.uk/house-prices/details/83fb2175-c665-4bc0-9925-97e5e1fc7690,EH7 5LG,EH7,"Leith, Pilrig, Bonnington, Restalrig, Craigentinny, Abbeyhill"
Flat,2,"1f2, 77, Sighthill Drive, Sighthill, Edinburgh EH11 4QJ",160000,80000,2026-04-15,https://www.rightmove.co.uk/house-prices/details/198ddc10-b592-48bb-a2e2-f5518ad5884e,EH11 4QJ,EH11,"Haymarket, Dalry, Gorgie, Stenhouse, Sighthill, The Calders, Slateford"
Flat,1,"27, Cellar Bank, Prestonfield, Edinburgh EH16 5GT",135000,135000,2026-04-15,https://www.rightmove.co.uk/house-prices/details/09da8f64-bedb-41fe-9811-4d0ab1e4056b,EH16 5GT,EH16,"Liberton, Cameron Toll, Craigmillar, Niddrie, Gilmerton"
Flat,2,"Flat 9, 6, Hatters Lane, Warriston, Edinburgh EH7 4GX",330000,165000,2026-04-15,https://www.rightmove.co.uk/house-prices/details/898ac445-0301-4f9a-8721-03389e54ec5e,EH7 4GX,EH7,"Leith, Pilrig, Bonnington, Restalrig, Craigentinny, Abbeyhill"
Flat,3,"Flat 5, 2, Kimmerghame Place, Craigleith, Edinburgh EH4 2GE",310000,103333,2026-04-15,https://www.rightmove.co.uk/house-prices/details/a5d2dde2-1d2f-4ffa-94ba-11d64c7b19a6,EH4 2GE,EH4,"Dean Village, Comely Bank, Craigleith, Blackhall, Barnton, Cramond, Davidson's Mains"
Flat,2,"Flat 6, 25, Brunswick Road, Hillside, Edinburgh EH7 5GY",225000,112500,2026-04-15,https://www.rightmove.co.uk/house-prices/details/f04a25aa-b785-4344-883b-718bbbe87255,EH7 5GY,EH7,"Leith, Pilrig, Bonnington, Restalrig, Craigentinny, Abbeyhill"
Semi-Detached,3,"261, Redford Road, Redford, Edinburgh EH13 9NH",319050,106350,2026-04-14,https://www.rightmove.co.uk/house-prices/details/5c81c22e-9fca-46d6-90f4-6450310f2406,EH13 9NH,EH13,"Colinton, Oxgangs, Fairmilehead"
Flat,2,"Flat 4, 7, Trinity Way, Trinity, Edinburgh EH5 3PY",395000,197500,2026-04-14,https://www.rightmove.co.uk/house-prices/details/516aee90-04e8-426f-bdcf-ed8695c96773,EH5 3PY,EH5,"Granton, Granton Harbour, Wardie, Trinity, Newhaven"
Flat,1,"1f1, 101, Bellevue Road, Broughton, Edinburgh EH7 4DG",240000,240000,2026-04-14,https://www.rightmove.co.uk/house-prices/details/d72aa761-374a-4276-9bc5-6b02d4f50659,EH7 4DG,EH7,"Leith, Pilrig, Bonnington, Restalrig, Craigentinny, Abbeyhill"
Flat,3,"Flat 6, 15, Mid Steil, Greenbank, Edinburgh EH10 5XB",458000,152666,2026-04-14,https://www.rightmove.co.uk/house-prices/details/6d25f5e9-306c-4aec-8b4b-bcafeb307e21,EH10 5XB,EH10,"Bruntsfield, Morningside, Fairmilehead, Braid Hills, Greenhill"
Flat,2,"51, Viewforth, Edinburgh EH10 4LQ",380000,190000,2026-04-14,https://www.rightmove.co.uk/house-prices/details/1d9129f4-fa1c-451a-a9f5-2302c09d9358,EH10 4LQ,EH10,"Bruntsfield, Morningside, Fairmilehead, Braid Hills, Greenhill"
Flat,2,"Flat 3, 215, Great Junction Street, North Leith, Edinburgh EH6 5RU",227770,113885,2026-04-14,https://www.rightmove.co.uk/house-prices/details/237c9b82-084e-4dc2-baf7-29f5e100c5f6,EH6 5RU,EH6,"Leith, The Shore, Leith Links, Newhaven"
Flat,1,"1f2, 46, Broughton Road, Warriston, Edinburgh EH7 4EE",180000,180000,2026-04-14,https://www.rightmove.co.uk/house-prices/details/3a887125-c200-4ec1-b360-e8b95954965a,EH7 4EE,EH7,"Leith, Pilrig, Bonnington, Restalrig, Craigentinny, Abbeyhill"
Flat,3,"5, Meggetland Terrace, Firrhill, Edinburgh EH14 1AN",486500,162166,2026-04-14,https://www.rightmove.co.uk/house-prices/details/6648b318-fee4-4071-85d9-3957a72a4e88,EH14 1AN,EH14,"Slateford, Longstone, Wester Hailes, Juniper Green, Currie, Balerno, Baberton"
Flat,2,"Flat 4, 1, Magdalene Gardens, Magdalene, Edinburgh EH15 3DF",150000,75000,2026-04-14,https://www.rightmove.co.uk/house-prices/details/4433fae9-d7b2-4cfb-9eea-13ec54de1e8f,EH15 3DF,EH15,"Portobello, Duddingston, Joppa, Brunstane, Craigentinny"
Flat,2,"Flat 15, 2, Haig Lane, Bonnington, Edinburgh EH6 5GA",265000,132500,2026-04-14,https://www.rightmove.co.uk/house-prices/details/cbeff346-837f-4020-aa3c-edd9b735f764,EH6 5GA,EH6,"Leith, The Shore, Leith Links, Newhaven"
Terraced,1,"47, Craigroyston Grove, Muirhouse, Edinburgh EH4 4GL",146100,146100,2026-04-14,https://www.rightmove.co.uk/house-prices/details/fb36b449-33b5-483e-81b3-6f98340ff35e,EH4 4GL,EH4,"Dean Village, Comely Bank, Craigleith, Blackhall, Barnton, Cramond, Davidson's Mains"
Flat,2,"Flat 3, 10, East Pilton Farm Crescent, Pilton, Edinburgh EH5 2GH",190000,95000,2026-04-14,https://www.rightmove.co.uk/house-prices/details/bd7c81d7-fae2-46c8-ab7c-d358a6a7c8d5,EH5 2GH,EH5,"Granton, Granton Harbour, Wardie, Trinity, Newhaven"
Flat,3,"Flat 14, 15, Hermand Crescent, Polwarth, Edinburgh EH11 1LP",250000,83333,2026-04-14,https://www.rightmove.co.uk/house-prices/details/0878b0a5-0d14-4d9c-9c79-7a767e149d75,EH11 1LP,EH11,"Haymarket, Dalry, Gorgie, Stenhouse, Sighthill, The Calders, Slateford"
Flat,3,"Flat 1, 6, Chalmers Crescent, Marchmont, Edinburgh EH9 1TR",805250,268416,2026-04-14,https://www.rightmove.co.uk/house-prices/details/e5ad0662-8dfd-4085-a7b2-31b6614dab8e,EH9 1TR,EH9,"Marchmont, The Grange, Blackford, Sciennes, Newington"
Semi-Detached,3,"27, Caiystane Gardens, Caiystane, Edinburgh EH10 6TB",393000,131000,2026-04-14,https://www.rightmove.co.uk/house-prices/details/e6becd39-0132-4736-90ae-c74d323405da,EH10 6TB,EH10,"Bruntsfield, Morningside, Fairmilehead, Braid Hills, Greenhill"
Flat,2,"20, Granton Gardens, Boswall, Edinburgh EH5 1AX",194500,97250,2026-04-14,https://www.rightmove.co.uk/house-prices/details/aabf2634-545d-4af2-a0df-f4b5ead8d66a,EH5 1AX,EH5,"Granton, Granton Harbour, Wardie, Trinity, Newhaven"
Flat,1,"Flat 13, 6, Simpson Loan, Southside, Edinburgh EH3 9GT",296000,296000,2026-04-14,https://www.rightmove.co.uk/house-prices/details/d70aa297-0105-40f9-af34-63c006228884,EH3 9GT,EH3,"New Town, West End, Tollcross, Fountainbridge, Haymarket"
Flat,1,"Flat 415, 173 Carlyle Court, Comely Bank Road, Stockbridge, Edinburgh EH4 1DJ",185000,185000,2026-04-14,https://www.rightmove.co.uk/house-prices/details/0544ceb3-7713-4901-8436-9b66da6dcda3,EH4 1DJ,EH4,"Dean Village, Comely Bank, Craigleith, Blackhall, Barnton, Cramond, Davidson's Mains"
Terraced,2,"35, Kilngate Brae, Hyvots Bank, Edinburgh EH17 8UU",215000,107500,2026-04-14,https://www.rightmove.co.uk/house-prices/details/c72d91a6-aea7-4383-bfcc-d9e902f462ff,EH17 8UU,EH17,"Gilmerton, Moredun, Mortonhall, Fernieside, Gracemount, Southhouse"
Flat,1,"3f4, 14, Smithfield Street, Gorgie, Edinburgh EH11 2PQ",145000,145000,2026-04-14,https://www.rightmove.co.uk/house-prices/details/16749fe2-e029-4d3a-89cc-6473aa8b671d,EH11 2PQ,EH11,"Haymarket, Dalry, Gorgie, Stenhouse, Sighthill, The Calders, Slateford"
Terraced,3,"18, Cambridge Avenue, Pilrig, Edinburgh EH6 5AP",577750,192583,2026-04-14,https://www.rightmove.co.uk/house-prices/details/0f0c19a1-c895-4975-8b48-a40ab30cf696,EH6 5AP,EH6,"Leith, The Shore, Leith Links, Newhaven"
Flat,2,"Flat 5, 2, Hatters Lane, Warriston, Edinburgh EH7 4GZ",345000,172500,2026-04-14,https://www.rightmove.co.uk/house-prices/details/45a7aadd-afbd-41ea-905b-b44f12e108b1,EH7 4GZ,EH7,"Leith, Pilrig, Bonnington, Restalrig, Craigentinny, Abbeyhill"
Flat,4,"Flat 1, 46, Minto Street, Newington, Edinburgh EH9 2BR",430000,107500,2026-04-14,https://www.rightmove.co.uk/house-prices/details/b0bd3699-0efd-48ec-9dc0-760141475168,EH9 2BR,EH9,"Marchmont, The Grange, Blackford, Sciennes, Newington"
NULL,2,"35, Lucy Colquhoun Cruik, Greendykes, Edinburgh EH16 4DD",235995,117997,2026-04-14,https://www.rightmove.co.uk/house-prices/details/2e7d92eb-43ae-44ff-bb30-9f069adff2bd,EH16 4DD,EH16,"Liberton, Cameron Toll, Craigmillar, Niddrie, Gilmerton"
Flat,2,"Flat 6, 4, New Mart Gardens, Slateford, Edinburgh EH14 1TZ",245000,122500,2026-04-14,https://www.rightmove.co.uk/house-prices/details/bb92283e-666c-491e-bec5-1ff11ddce6f8,EH14 1TZ,EH14,"Slateford, Longstone, Wester Hailes, Juniper Green, Currie, Balerno, Baberton"
Semi-Detached,2,"33, Fernieside Crescent, Moredun, Edinburgh EH17 7HP",203000,101500,2026-04-14,https://www.rightmove.co.uk/house-prices/details/78db3729-610a-4bfe-8fd5-8ea3ec026f2c,EH17 7HP,EH17,"Gilmerton, Moredun, Mortonhall, Fernieside, Gracemount, Southhouse"
Flat,1,"4f2, 14, Viewforth Square, Viewforth, Edinburgh EH10 4LW",257000,257000,2026-04-14,https://www.rightmove.co.uk/house-prices/details/1c630038-c1d4-47cd-a9fb-b2dc2cda4ce9,EH10 4LW,EH10,"Bruntsfield, Morningside, Fairmilehead, Braid Hills, Greenhill"
Terraced,4,"76, Candlemaker's Park, Moredun, Edinburgh EH17 8TN",375000,93750,2026-04-14,https://www.rightmove.co.uk/house-prices/details/72213fe3-1282-45fb-8783-f687767f5d16,EH17 8TN,EH17,"Gilmerton, Moredun, Mortonhall, Fernieside, Gracemount, Southhouse"
Terraced,3,"116, Glenallan Drive, Inch, Edinburgh EH16 5RE",266800,88933,2026-04-14,https://www.rightmove.co.uk/house-prices/details/3d79cdae-d91e-4687-9328-34f03a5aa59f,EH16 5RE,EH16,"Liberton, Cameron Toll, Craigmillar, Niddrie, Gilmerton"
Terraced,2,"22, Magdalene Medway, Magdalene, Edinburgh EH15 3DL",158000,79000,2026-04-14,https://www.rightmove.co.uk/house-prices/details/16bf91d9-7622-4b2f-808c-6c9cccffc815,EH15 3DL,EH15,"Portobello, Duddingston, Joppa, Brunstane, Craigentinny"
Terraced,2,"9, Bullfinch Way, Hyvots Bank, Edinburgh EH17 8XF",188000,94000,2026-04-14,https://www.rightmove.co.uk/house-prices/details/d735612c-80d0-419f-a22f-b296d6b81df4,EH17 8XF,EH17,"Gilmerton, Moredun, Mortonhall, Fernieside, Gracemount, Southhouse"
Flat,2,"2f1, 37, Bath Street, Portobello West, Edinburgh EH15 1HB",355000,177500,2026-04-14,https://www.rightmove.co.uk/house-prices/details/2049ece1-1db2-405b-9e2e-add2af22bb74,EH15 1HB,EH15,"Portobello, Duddingston, Joppa, Brunstane, Craigentinny"
Terraced,4,"16, Devon Place, Roseburn, Edinburgh EH12 5HN",758000,189500,2026-04-14,https://www.rightmove.co.uk/house-prices/details/cf2d9054-1dff-4643-8624-058dadaf2725,EH12 5HN,EH12,"Haymarket, Murrayfield, Roseburn, Corstorphine, South Gyle"
Flat,2,"Flat 8, 1, Parliament Square, Old Town, Edinburgh EH1 1RF",525000,262500,2026-04-14,https://www.rightmove.co.uk/house-prices/details/8fc4b742-b198-4ba6-b1d7-3872958ead61,EH1 1RF,EH1,"Old Town, Holyrood, Canongate, City Centre"
Flat,2,"Flat 4, 18, Boat Green, Warriston, Edinburgh EH3 5LW",262538,131269,2026-04-13,https://www.rightmove.co.uk/house-prices/details/06610f0a-76c2-4426-ab8a-1360854b7651,EH3 5LW,EH3,"New Town, West End, Tollcross, Fountainbridge, Haymarket"
Flat,2,"Flat 6, 20, Ferry Gait Crescent, Muirhouse, Edinburgh EH4 4GR",175000,87500,2026-04-13,https://www.rightmove.co.uk/house-prices/details/90f85e47-8cfe-4305-a00a-e208fafe75d5,EH4 4GR,EH4,"Dean Village, Comely Bank, Craigleith, Blackhall, Barnton, Cramond, Davidson's Mains"
Flat,1,"Flat 12, 24, West Bowling Green Street, Bonnington, Edinburgh EH6 5PB",220500,220500,2026-04-13,https://www.rightmove.co.uk/house-prices/details/d8195549-5806-494b-bebd-f0f6a3373128,EH6 5PB,EH6,"Leith, The Shore, Leith Links, Newhaven"
Flat,3,"2f1, 4, East London Street, Broughton, Edinburgh EH7 4BH",370000,123333,2026-04-13,https://www.rightmove.co.uk/house-prices/details/693460df-51f9-4ba1-8f3e-0b2571d3acf1,EH7 4BH,EH7,"Leith, Pilrig, Bonnington, Restalrig, Craigentinny, Abbeyhill"
NULL,2,"Flat 18, 25, Barnton Grove, Barnton, Edinburgh EH4 6EZ",325000,162500,2026-04-13,https://www.rightmove.co.uk/house-prices/details/783d06d4-8663-4204-86d3-cff83f37e8fb,EH4 6EZ,EH4,"Dean Village, Comely Bank, Craigleith, Blackhall, Barnton, Cramond, Davidson's Mains"
Flat,2,"9a, Scotland Street, Broughton, Edinburgh EH3 6PP",388269,194134,2026-04-13,https://www.rightmove.co.uk/house-prices/details/0c819102-2a45-47d0-ab36-670f13c95b99,EH3 6PP,EH3,"New Town, West End, Tollcross, Fountainbridge, Haymarket"
Flat,2,"Flat 14, 198, Lindsay Road, Newhaven, Edinburgh EH6 6ND",270000,135000,2026-04-13,https://www.rightmove.co.uk/house-prices/details/1eef9db9-ddc7-4fe8-9c5d-aee47136df4b,EH6 6ND,EH6,"Leith, The Shore, Leith Links, Newhaven"
Flat,2,"Flat 4, 2, Tytler Gardens, Abbeyhill, Edinburgh EH8 8HQ",233333,116666,2026-04-13,https://www.rightmove.co.uk/house-prices/details/78c40e89-716a-4a33-ba03-1bd8feef65f9,EH8 8HQ,EH8,"Southside, Newington, Canongate, Northfield, Mountcastle, Abbeyhill"
NULL,2,"Flat 5, 10, Saughton Mains Terrace, Saughton, Edinburgh EH11 3NT",100000,50000,2026-04-13,https://www.rightmove.co.uk/house-prices/details/a5156968-28a2-45df-81a9-fc61ffeb65b2,EH11 3NT,EH11,"Haymarket, Dalry, Gorgie, Stenhouse, Sighthill, The Calders, Slateford"
Flat,2,"Flat 7, 11, Lady Nairne Loan, Duddingston, Edinburgh EH8 7NL",167000,83500,2026-04-13,https://www.rightmove.co.uk/house-prices/details/728a1f45-7c0e-40d0-a884-139b2ee88b28,EH8 7NL,EH8,"Southside, Newington, Canongate, Northfield, Mountcastle, Abbeyhill"
Flat,2,"Flat 3, 6, St Bernard's Crescent, Stockbridge, Edinburgh EH4 1NP",420000,210000,2026-04-13,https://www.rightmove.co.uk/house-prices/details/ab775ab0-c191-49d9-87ee-59ec86e42213,EH4 1NP,EH4,"Dean Village, Comely Bank, Craigleith, Blackhall, Barnton, Cramond, Davidson's Mains"
Flat,3,"21, Broomburn Grove, Broomhall, Edinburgh EH12 7NN",235000,78333,2026-04-13,https://www.rightmove.co.uk/house-prices/details/0d8bf335-8cef-4bc1-8f19-63bec0f69cca,EH12 7NN,EH12,"Haymarket, Murrayfield, Roseburn, Corstorphine, South Gyle"
Flat,3,"12a, Brandon Street, Broughton, Edinburgh EH3 5DX",500000,166666,2026-04-13,https://www.rightmove.co.uk/house-prices/details/4d7ef725-0359-4f1f-a451-aadb88d049f3,EH3 5DX,EH3,"New Town, West End, Tollcross, Fountainbridge, Haymarket"
Flat,2,"1f2, 254, Newhaven Road, Newhaven, Edinburgh EH6 4LH",243125,121562,2026-04-13,https://www.rightmove.co.uk/house-prices/details/87ba32be-74c1-443a-99e5-4bc15a3f8398,EH6 4LH,EH6,"Leith, The Shore, Leith Links, Newhaven"
Flat,2,"2f2, 159, Ferry Road, Edinburgh EH6 4NJ",310000,155000,2026-04-13,https://www.rightmove.co.uk/house-prices/details/941d6354-265f-46a9-9648-1c4feeb8ad20,EH6 4NJ,EH6,"Leith, The Shore, Leith Links, Newhaven"
Flat,2,"3, Hutchison Medway, Slateford, Edinburgh EH14 1QL",225500,112750,2026-04-13,https://www.rightmove.co.uk/house-prices/details/059e99f8-37db-408a-9d2b-655b8f5ee9af,EH14 1QL,EH14,"Slateford, Longstone, Wester Hailes, Juniper Green, Currie, Balerno, Baberton"
Flat,2,"Flat 7, 3, Robertson Gait, Gorgie, Edinburgh EH11 1HJ",230000,115000,2026-04-13,https://www.rightmove.co.uk/house-prices/details/f18d78ab-85d6-473c-acbb-411d8901cc52,EH11 1HJ,EH11,"Haymarket, Dalry, Gorgie, Stenhouse, Sighthill, The Calders, Slateford"
Flat,3,"1f2, 40, Gillespie Crescent, Bruntsfield, Edinburgh EH10 4HX",505000,168333,2026-04-13,https://www.rightmove.co.uk/house-prices/details/9517ee90-c569-4b8e-accd-b0536dc09a85,EH10 4HX,EH10,"Bruntsfield, Morningside, Fairmilehead, Braid Hills, Greenhill"
Flat,1,"2f3, 75, Albert Street, Albion, Edinburgh EH7 5LR",206300,206300,2026-04-13,https://www.rightmove.co.uk/house-prices/details/25461f3c-fa5e-42c0-9ad2-7490466e51c5,EH7 5LR,EH7,"Leith, Pilrig, Bonnington, Restalrig, Craigentinny, Abbeyhill"
Flat,1,"1f2, 28, Roseburn Street, Roseburn, Edinburgh EH12 5PR",228500,228500,2026-04-13,https://www.rightmove.co.uk/house-prices/details/77314c29-0137-428f-991f-b27cd26842c3,EH12 5PR,EH12,"Haymarket, Murrayfield, Roseburn, Corstorphine, South Gyle"
Terraced,2,"155, Candlemaker's Park, Moredun, Edinburgh EH17 8TL",208000,104000,2026-04-13,https://www.rightmove.co.uk/house-prices/details/63edc8f8-6b0c-48f3-bc50-7d1abcdcc504,EH17 8TL,EH17,"Gilmerton, Moredun, Mortonhall, Fernieside, Gracemount, Southhouse"
Flat,1,"8g, Fair-a-far, Cramond, Edinburgh EH4 6QE",162000,162000,2026-04-13,https://www.rightmove.co.uk/house-prices/details/ca20b1d9-cb00-4f7e-b628-ffc24f647009,EH4 6QE,EH4,"Dean Village, Comely Bank, Craigleith, Blackhall, Barnton, Cramond, Davidson's Mains"
Flat,3,"1f, 5, Victoria Street, Old Town, Edinburgh EH1 2HE",351067,117022,2026-04-13,https://www.rightmove.co.uk/house-prices/details/5ae11b01-30ba-46ba-ba6d-012124cb828b,EH1 2HE,EH1,"Old Town, Holyrood, Canongate, City Centre"
Flat,1,"Flat 13, 56, Belford Road, New Town, Edinburgh EH4 3BR",235400,235400,2026-04-13,https://www.rightmove.co.uk/house-prices/details/44c6c8c4-9631-4e1b-9746-c336a5986940,EH4 3BR,EH4,"Dean Village, Comely Bank, Craigleith, Blackhall, Barnton, Cramond, Davidson's Mains"
Flat,2,"26, Marionville Road, Meadowbank, Edinburgh EH7 5TX",330000,165000,2026-04-13,https://www.rightmove.co.uk/house-prices/details/04a29d39-5200-40ae-9f55-511086ebcb07,EH7 5TX,EH7,"Leith, Pilrig, Bonnington, Restalrig, Craigentinny, Abbeyhill"
Flat,2,"135, East Trinity Road, Trinity, Edinburgh EH5 3PP",385000,192500,2026-04-13,https://www.rightmove.co.uk/house-prices/details/1e2e77cb-4441-4bed-8a74-31594352b861,EH5 3PP,EH5,"Granton, Granton Harbour, Wardie, Trinity, Newhaven"
Flat,2,"150, Carrick Knowe Drive, Carrick Knowe, Edinburgh EH12 7EW",217000,108500,2026-04-13,https://www.rightmove.co.uk/house-prices/details/44509386-b4b2-4dbb-807b-993665611e05,EH12 7EW,EH12,"Haymarket, Murrayfield, Roseburn, Corstorphine, South Gyle"
Flat,5,"1f1, 38, Lomond Road, Trinity, Edinburgh EH5 3JL",495700,99140,2026-04-13,https://www.rightmove.co.uk/house-prices/details/d15c7ae7-4782-482d-b3d6-d7d88f99713c,EH5 3JL,EH5,"Granton, Granton Harbour, Wardie, Trinity, Newhaven"
Terraced,3,"32, Craw Yard Drive, South Gyle, Edinburgh EH12 9LU",319000,106333,2026-04-13,https://www.rightmove.co.uk/house-prices/details/40f08450-b73f-441c-9c87-de57dca0d484,EH12 9LU,EH12,"Haymarket, Murrayfield, Roseburn, Corstorphine, South Gyle"
Flat,2,"1f1, 10, Restalrig Circus, Restalrig, Edinburgh EH7 6HL",168000,84000,2026-04-13,https://www.rightmove.co.uk/house-prices/details/8cb249d7-f134-412f-b546-629ded8d454c,EH7 6HL,EH7,"Leith, Pilrig, Bonnington, Restalrig, Craigentinny, Abbeyhill"
Semi-Detached,2,"50, Marionville Drive, Meadowbank, Edinburgh EH7 6BW",380000,190000,2026-04-13,https://www.rightmove.co.uk/house-prices/details/439c5fd9-46b5-4fb5-bf7d-e8ac6e51f58b,EH7 6BW,EH7,"Leith, Pilrig, Bonnington, Restalrig, Craigentinny, Abbeyhill"
Flat,1,"5, Hawthornbank Terrace, Newhaven, Edinburgh EH6 4HQ",262913,262913,2026-04-13,https://www.rightmove.co.uk/house-prices/details/0e7f687e-cd96-4747-9081-ece727d1cab8,EH6 4HQ,EH6,"Leith, The Shore, Leith Links, Newhaven"
Terraced,3,"76, Bonaly Road, Colinton, Edinburgh EH13 0PE",405000,135000,2026-04-13,https://www.rightmove.co.uk/house-prices/details/59e250be-2ef3-441b-96a5-d9abbadfafe6,EH13 0PE,EH13,"Colinton, Oxgangs, Fairmilehead"
Flat,2,"Flat 6, 15, Hawkhill, Lochend, Edinburgh EH7 6LA",214000,107000,2026-04-13,https://www.rightmove.co.uk/house-prices/details/dc64be38-1cf0-4d4f-b798-749a45b4a611,EH7 6LA,EH7,"Leith, Pilrig, Bonnington, Restalrig, Craigentinny, Abbeyhill"
Terraced,2,"10, Gilberstoun, Brunstane, Edinburgh EH15 2QY",220000,110000,2026-04-13,https://www.rightmove.co.uk/house-prices/details/a8abe9d5-b783-4204-8462-602bb6f43a18,EH15 2QY,EH15,"Portobello, Duddingston, Joppa, Brunstane, Craigentinny"
Flat,3,"Flat 8, 32, Craigmount Hill, Craigmount, Edinburgh EH4 8HX",231000,77000,2026-04-13,https://www.rightmove.co.uk/house-prices/details/6fc62aaf-14bd-4736-aaa0-e226bb1bf711,EH4 8HX,EH4,"Dean Village, Comely Bank, Craigleith, Blackhall, Barnton, Cramond, Davidson's Mains"
Flat,2,"Flat 3, 1, Flaxmill Place, Bonnington, Edinburgh EH6 5QU",256000,128000,2026-04-13,https://www.rightmove.co.uk/house-prices/details/e912c170-f024-4d87-9f92-48d982787f9a,EH6 5QU,EH6,"Leith, The Shore, Leith Links, Newhaven"
Flat,2,"21, Stenhouse Avenue, Stenhouse, Edinburgh EH11 3HZ",199995,99997,2026-04-13,https://www.rightmove.co.uk/house-prices/details/7233ade2-1e01-4ec6-bb5d-a842427ebe42,EH11 3HZ,EH11,"Haymarket, Dalry, Gorgie, Stenhouse, Sighthill, The Calders, Slateford"
Flat,2,"Flat 9, 10, East Pilton Farm Crescent, Pilton, Edinburgh EH5 2GH",196400,98200,2026-04-13,https://www.rightmove.co.uk/house-prices/details/c7160292-d19e-4d62-9c6c-1653d0f1a4db,EH5 2GH,EH5,"Granton, Granton Harbour, Wardie, Trinity, Newhaven"
Flat,2,"27f, Barntongate Terrace, Craigmount, Edinburgh EH4 8BT",205000,102500,2026-04-13,https://www.rightmove.co.uk/house-prices/details/f8ae6233-b9a7-48e9-8866-27c17ab5ff1d,EH4 8BT,EH4,"Dean Village, Comely Bank, Craigleith, Blackhall, Barnton, Cramond, Davidson's Mains"
Flat,3,"202, Boswall Parkway, Royston, Edinburgh EH5 2LX",185100,61700,2026-04-13,https://www.rightmove.co.uk/house-prices/details/f5bdd664-074d-4682-a8fc-62e938af9987,EH5 2LX,EH5,"Granton, Granton Harbour, Wardie, Trinity, Newhaven"
Flat,2,"2f2, 14, Barony Street, Broughton, Edinburgh EH3 6PE",320000,160000,2026-04-13,https://www.rightmove.co.uk/house-prices/details/a83cf59a-2f9b-4d01-ad74-5d953359f05e,EH3 6PE,EH3,"New Town, West End, Tollcross, Fountainbridge, Haymarket"
Flat,2,"2f2, 20, Brunton Place, Broughton, Edinburgh EH7 5EJ",405751,202875,2026-04-13,https://www.rightmove.co.uk/house-prices/details/42d17228-a40f-4fb0-a213-0482f06be98a,EH7 5EJ,EH7,"Leith, Pilrig, Bonnington, Restalrig, Craigentinny, Abbeyhill"
Flat,2,"Flat 72, 25, Barnton Grove, Barnton, Edinburgh EH4 6EZ",490000,245000,2026-04-13,https://www.rightmove.co.uk/house-prices/details/490167f1-2220-4ed7-9a77-0c34bb46f24f,EH4 6EZ,EH4,"Dean Village, Comely Bank, Craigleith, Blackhall, Barnton, Cramond, Davidson's Mains"
Detached,3,"49, Buckstone Road, Buckstone, Edinburgh EH10 6UN",486000,162000,2026-04-13,https://www.rightmove.co.uk/house-prices/details/5bbf5b81-6fba-43ae-9c67-a0ae3bc300dc,EH10 6UN,EH10,"Bruntsfield, Morningside, Fairmilehead, Braid Hills, Greenhill"
Detached,3,"2, Craigentinny Grove, Craigentinny, Edinburgh EH7 6QD",472950,157650,2026-04-13,https://www.rightmove.co.uk/house-prices/details/9a5dfd36-1339-45db-8de4-00e241fa5a7e,EH7 6QD,EH7,"Leith, Pilrig, Bonnington, Restalrig, Craigentinny, Abbeyhill"
Flat,3,"32a, Drummond Place, New Town, Edinburgh EH3 6PW",730000,243333,2026-04-13,https://www.rightmove.co.uk/house-prices/details/e96b82a7-2b8a-43d8-b00d-666a920ecbcc,EH3 6PW,EH3,"New Town, West End, Tollcross, Fountainbridge, Haymarket"
NULL,4,"122, Swanston Road, Swanston, Edinburgh EH10 7DS",630000,157500,2026-04-13,https://www.rightmove.co.uk/house-prices/details/281b2f90-026e-4659-be80-afadfdce80b1,EH10 7DS,EH10,"Bruntsfield, Morningside, Fairmilehead, Braid Hills, Greenhill"
Flat,4,"3f1, 82, Strathearn Road, Marchmont, Edinburgh EH9 2AF",515000,128750,2026-04-13,https://www.rightmove.co.uk/house-prices/details/b9386f1c-c003-415d-b16a-ff2b0f92e304,EH9 2AF,EH9,"Marchmont, The Grange, Blackford, Sciennes, Newington"
Flat,4,"6, Ettrick Road, Merchiston, Edinburgh EH10 5BJ",1195000,298750,2026-04-13,https://www.rightmove.co.uk/house-prices/details/b12679dc-7fc4-4a02-9b51-7148b5a210ea,EH10 5BJ,EH10,"Bruntsfield, Morningside, Fairmilehead, Braid Hills, Greenhill"
Flat,2,"15, Mayfield Place, Corstorphine, Edinburgh EH12 7UZ",189000,94500,2026-04-10,https://www.rightmove.co.uk/house-prices/details/9dd9becd-6d03-4fe7-bb73-ee976c31949e,EH12 7UZ,EH12,"Haymarket, Murrayfield, Roseburn, Corstorphine, South Gyle"
Flat,3,"21, Ryehill Place, Lochend, Edinburgh EH6 8EP",565000,188333,2026-04-10,https://www.rightmove.co.uk/house-prices/details/32f5f993-37d5-4628-b4ac-51b860c09f32,EH6 8EP,EH6,"Leith, The Shore, Leith Links, Newhaven"
Flat,1,"15, Windsor Street Lane, Hillside, Edinburgh EH7 5JZ",260000,260000,2026-04-10,https://www.rightmove.co.uk/house-prices/details/7af5ea11-35ce-437c-a708-9bc64505d372,EH7 5JZ,EH7,"Leith, Pilrig, Bonnington, Restalrig, Craigentinny, Abbeyhill"
Flat,1,"52, Hollybank Terrace, Polwarth, Edinburgh EH11 1SW",288000,288000,2026-04-10,https://www.rightmove.co.uk/house-prices/details/255ae402-6906-4de6-9171-42c78a3163c5,EH11 1SW,EH11,"Haymarket, Dalry, Gorgie, Stenhouse, Sighthill, The Calders, Slateford"
Detached,4,"10, East Caiystane Road, Caiystane, Edinburgh EH10 6RP",730000,182500,2026-04-10,https://www.rightmove.co.uk/house-prices/details/d87dfc42-1611-449b-ac7e-9cdf8c8891c5,EH10 6RP,EH10,"Bruntsfield, Morningside, Fairmilehead, Braid Hills, Greenhill"
Detached,5,"22, Bonaly Avenue, Colinton, Edinburgh EH13 0ET",660000,132000,2026-04-10,https://www.rightmove.co.uk/house-prices/details/c8b79c1e-5ec1-4dff-80fb-b56cce5a12b9,EH13 0ET,EH13,"Colinton, Oxgangs, Fairmilehead"
Flat,2,"3f1, 7, Admiralty Street, North Leith, Edinburgh EH6 6JT",205000,102500,2026-04-10,https://www.rightmove.co.uk/house-prices/details/a528bc69-0032-4174-8c9e-a2e4f6d9967e,EH6 6JT,EH6,"Leith, The Shore, Leith Links, Newhaven"
Flat,1,"13, Quality Street Lane, Davidson's Mains, Edinburgh EH4 5BU",195000,195000,2026-04-10,https://www.rightmove.co.uk/house-prices/details/ff51c466-9763-4f2d-8b8d-9942b300439e,EH4 5BU,EH4,"Dean Village, Comely Bank, Craigleith, Blackhall, Barnton, Cramond, Davidson's Mains"
Flat,2,"Flat 7, 8, King's Road, Portobello West, Edinburgh EH15 1EA",230000,115000,2026-04-10,https://www.rightmove.co.uk/house-prices/details/cf37cde3-ca14-4ab2-945f-123737510ae4,EH15 1EA,EH15,"Portobello, Duddingston, Joppa, Brunstane, Craigentinny"
Terraced,3,"74, Caiystane Gardens, Caiystane, Edinburgh EH10 6SY",375000,125000,2026-04-10,https://www.rightmove.co.uk/house-prices/details/1b1e96d7-4745-45f8-9c48-035389fad06e,EH10 6SY,EH10,"Bruntsfield, Morningside, Fairmilehead, Braid Hills, Greenhill"
Flat,4,"58, Eyre Place, Broughton, Edinburgh EH3 5EJ",379000,94750,2026-04-10,https://www.rightmove.co.uk/house-prices/details/18496d59-51c8-447b-a485-7f4c6ea7750f,EH3 5EJ,EH3,"New Town, West End, Tollcross, Fountainbridge, Haymarket"
Flat,1,"Flat 2, 20, Parkside Terrace, St Leonards, Edinburgh EH16 5XW",234000,234000,2026-04-10,https://www.rightmove.co.uk/house-prices/details/98520fe4-c69b-47b0-acd0-92ee2b6f315a,EH16 5XW,EH16,"Liberton, Cameron Toll, Craigmillar, Niddrie, Gilmerton"
Detached,3,"104, Cammo Grove, Cammo, Edinburgh EH4 8HD",690000,230000,2026-04-10,https://www.rightmove.co.uk/house-prices/details/afc2ab42-7aca-4b23-ac23-2335c4700f80,EH4 8HD,EH4,"Dean Village, Comely Bank, Craigleith, Blackhall, Barnton, Cramond, Davidson's Mains"
Flat,1,"Flat 4, 44, Drum Street, Hyvots Bank, Edinburgh EH17 8RN",148500,148500,2026-04-10,https://www.rightmove.co.uk/house-prices/details/ac4904a1-8e96-4e84-8f39-bcc1bb3a4353,EH17 8RN,EH17,"Gilmerton, Moredun, Mortonhall, Fernieside, Gracemount, Southhouse"
Detached,3,"Flat 10, 14, Sandpiper Drive, Newhaven, Edinburgh EH6 6QJ",350000,116666,2026-04-10,https://www.rightmove.co.uk/house-prices/details/4e1bdfdc-d4e0-4a1c-b8ad-31ef24a31a54,EH6 6QJ,EH6,"Leith, The Shore, Leith Links, Newhaven"
Flat,1,"Flat 1, 23, Northfield Drive, Mountcastle, Edinburgh EH8 7RJ",136000,136000,2026-04-10,https://www.rightmove.co.uk/house-prices/details/4b57e740-63e4-4e6f-a732-bc74bd2685d2,EH8 7RJ,EH8,"Southside, Newington, Canongate, Northfield, Mountcastle, Abbeyhill"
Flat,1,"Flat 3, 5, North Werber Place, Craigleith, Edinburgh EH4 1TE",195000,195000,2026-04-10,https://www.rightmove.co.uk/house-prices/details/e43f82df-7959-4c38-b8dc-794946148dc8,EH4 1TE,EH4,"Dean Village, Comely Bank, Craigleith, Blackhall, Barnton, Cramond, Davidson's Mains"
Detached,4,"13, Greenbank Gardens, Greenbank, Edinburgh EH10 5SN",1004001,251000,2026-04-10,https://www.rightmove.co.uk/house-prices/details/ed1b1b5c-0a7d-4304-856c-e4ac46ee40bf,EH10 5SN,EH10,"Bruntsfield, Morningside, Fairmilehead, Braid Hills, Greenhill"
Flat,2,"16, Colinton Mains Green, Firrhill, Edinburgh EH13 9AG",175000,87500,2026-04-10,https://www.rightmove.co.uk/house-prices/details/dfa56572-47d7-45bb-97ec-4b00be960ec5,EH13 9AG,EH13,"Colinton, Oxgangs, Fairmilehead"
Flat,1,"Flat 6, 2, Electra Place, Portobello West, Edinburgh EH15 1UF",165000,165000,2026-04-10,https://www.rightmove.co.uk/house-prices/details/c581efd6-1d1f-4b41-881f-28fd4b6aea47,EH15 1UF,EH15,"Portobello, Duddingston, Joppa, Brunstane, Craigentinny"
Terraced,3,"6, Oxgangs Medway, Caiystane, Edinburgh EH13 9LP",290250,96750,2026-04-10,https://www.rightmove.co.uk/house-prices/details/d41397a2-63a1-4a2d-83b1-993d8a3fcd53,EH13 9LP,EH13,"Colinton, Oxgangs, Fairmilehead"
Flat,2,"21, Ashley Terrace, Polwarth, Edinburgh EH11 1RE",402614,201307,2026-04-10,https://www.rightmove.co.uk/house-prices/details/a0f78be8-81ae-494d-900c-cef74447cce3,EH11 1RE,EH11,"Haymarket, Dalry, Gorgie, Stenhouse, Sighthill, The Calders, Slateford"
Flat,2,"1f1, 29, Iona Street, Albion, Edinburgh EH6 8SP",164000,82000,2026-04-10,https://www.rightmove.co.uk/house-prices/details/d495c14c-45ec-43c3-93c0-e012e085bade,EH6 8SP,EH6,"Leith, The Shore, Leith Links, Newhaven"
Flat,2,"Flat 4, 95, Dochart Drive, Clerwood, Edinburgh EH4 7LT",163500,81750,2026-04-10,https://www.rightmove.co.uk/house-prices/details/419ac2e2-064a-4d2f-9cc5-dd9bdfed5f08,EH4 7LT,EH4,"Dean Village, Comely Bank, Craigleith, Blackhall, Barnton, Cramond, Davidson's Mains"
NULL,4,"2, Raith Gardens, Greendykes, Edinburgh EH16 4ZS",365000,91250,2026-04-10,https://www.rightmove.co.uk/house-prices/details/e61c549d-604d-4c33-a666-db810f151f14,EH16 4ZS,EH16,"Liberton, Cameron Toll, Craigmillar, Niddrie, Gilmerton"
Terraced,5,"30, Downie Terrace, Murrayfield, Edinburgh EH12 7AU",860000,172000,2026-04-10,https://www.rightmove.co.uk/house-prices/details/0a3925c3-1614-4b1b-8377-3314e223fce7,EH12 7AU,EH12,"Haymarket, Murrayfield, Roseburn, Corstorphine, South Gyle"
Detached,4,"50, Barnton Avenue, Davidson's Mains, Edinburgh EH4 6JL",1100000,275000,2026-04-10,https://www.rightmove.co.uk/house-prices/details/1f4b698f-90f9-4091-8958-ddbeb54d36f8,EH4 6JL,EH4,"Dean Village, Comely Bank, Craigleith, Blackhall, Barnton, Cramond, Davidson's Mains"
Flat,3,"24a, London Street, Broughton, Edinburgh EH3 6NA",642500,214166,2026-04-09,https://www.rightmove.co.uk/house-prices/details/27052f13-d487-40ba-8067-52e27efe63d6,EH3 6NA,EH3,"New Town, West End, Tollcross, Fountainbridge, Haymarket"
Flat,3,"Flat 7, 3, Lindsay Road, Newhaven, Edinburgh EH6 4EP",249000,83000,2026-04-09,https://www.rightmove.co.uk/house-prices/details/ade818a5-3cf7-4afa-91e9-0e08e66fc47f,EH6 4EP,EH6,"Leith, The Shore, Leith Links, Newhaven"
Flat,1,"Flat 8, 6, Dorset Place, Merchiston, Edinburgh EH11 1JP",207000,207000,2026-04-09,https://www.rightmove.co.uk/house-prices/details/1d0ef030-96f2-46db-9617-ec9a3f62b74e,EH11 1JP,EH11,"Haymarket, Dalry, Gorgie, Stenhouse, Sighthill, The Calders, Slateford"
Flat,2,"Flat 9, 12, Hermand Crescent, Polwarth, Edinburgh EH11 1LP",240000,120000,2026-04-09,https://www.rightmove.co.uk/house-prices/details/046b07b1-17fb-416b-b78e-dbdfdfc13e04,EH11 1LP,EH11,"Haymarket, Dalry, Gorgie, Stenhouse, Sighthill, The Calders, Slateford"
Flat,2,"Flat 10, 10, Giles Street, North Leith, Edinburgh EH6 6DA",200000,100000,2026-04-09,https://www.rightmove.co.uk/house-prices/details/8f3358b4-f28c-47de-bb36-59744c9a0129,EH6 6DA,EH6,"Leith, The Shore, Leith Links, Newhaven"
Flat,4,"1f3, 52, Dalry Road, Dalry, Edinburgh EH11 2BA",290000,72500,2026-04-09,https://www.rightmove.co.uk/house-prices/details/83233928-0f13-4288-88cb-642bcd871985,EH11 2BA,EH11,"Haymarket, Dalry, Gorgie, Stenhouse, Sighthill, The Calders, Slateford"
Flat,1,"Flat 12, 25, Silvermills, Stockbridge, Edinburgh EH3 5BF",236000,236000,2026-04-09,https://www.rightmove.co.uk/house-prices/details/618f75f2-8ef9-4012-886f-81a17ff6de7c,EH3 5BF,EH3,"New Town, West End, Tollcross, Fountainbridge, Haymarket"
Flat,2,"Flat 28, 6, Portland Gardens, Newhaven, Edinburgh EH6 6NJ",285000,142500,2026-04-09,https://www.rightmove.co.uk/house-prices/details/7ab5f122-6ec3-47a5-9ea9-e33712acc095,EH6 6NJ,EH6,"Leith, The Shore, Leith Links, Newhaven"
Flat,1,"Flat 4, 1, Fauldburn, Bughtlin, Edinburgh EH12 8YQ",122000,122000,2026-04-09,https://www.rightmove.co.uk/house-prices/details/02762bcc-31e5-4f6c-a065-16c1f6fd6fcd,EH12 8YQ,EH12,"Haymarket, Murrayfield, Roseburn, Corstorphine, South Gyle"
Flat,2,"2f1, 17, Loganlea Terrace, Restalrig, Edinburgh EH7 6NS",160000,80000,2026-04-09,https://www.rightmove.co.uk/house-prices/details/32ff2557-047f-49a0-8d07-9bec7b5f1952,EH7 6NS,EH7,"Leith, Pilrig, Bonnington, Restalrig, Craigentinny, Abbeyhill"
NULL,3,"49, Young Street North Lane, New Town, Edinburgh EH2 4JD",917670,305890,2026-04-09,https://www.rightmove.co.uk/house-prices/details/d9308c53-9380-4b08-903c-17ecd11254a6,EH2 4JD,EH2,"New Town, City Centre"
Detached,2,"Flat 9, 3, Portobello High Street, Portobello West, Edinburgh EH15 1DW",430000,215000,2026-04-09,https://www.rightmove.co.uk/house-prices/details/02b86c66-ebb5-4bf7-a8f0-38bc4b49edfe,EH15 1DW,EH15,"Portobello, Duddingston, Joppa, Brunstane, Craigentinny"
Flat,2,"1, 25 Spylaw House, Spylaw Street, Colinton, Edinburgh EH13 0JU",268000,134000,2026-04-09,https://www.rightmove.co.uk/house-prices/details/45d543fe-f681-433b-9ba9-af84ded093f0,EH13 0JU,EH13,"Colinton, Oxgangs, Fairmilehead"
Terraced,3,"6, Lugton Terrace, Gilmerton, Edinburgh EH17 8GU",245000,81666,2026-04-09,https://www.rightmove.co.uk/house-prices/details/65e0da70-2ed6-4011-aecc-25234cda9d74,EH17 8GU,EH17,"Gilmerton, Moredun, Mortonhall, Fernieside, Gracemount, Southhouse"
Flat,1,"Pf2, 26, Wardlaw Place, Gorgie, Edinburgh EH11 1UQ",159000,159000,2026-04-09,https://www.rightmove.co.uk/house-prices/details/aad02f55-7ca8-43ff-9e34-5814a7ed7ffb,EH11 1UQ,EH11,"Haymarket, Dalry, Gorgie, Stenhouse, Sighthill, The Calders, Slateford"
Flat,2,"Pf2, 32, Stenhouse Gardens North, Stenhouse, Edinburgh EH11 3EL",160000,80000,2026-04-09,https://www.rightmove.co.uk/house-prices/details/6f6c769e-8679-4402-aeb7-b7470bec8e75,EH11 3EL,EH11,"Haymarket, Dalry, Gorgie, Stenhouse, Sighthill, The Calders, Slateford"
Flat,1,"Flat 31, 14, Maxwell Street, Morningside, Edinburgh EH10 5HU",170000,170000,2026-04-09,https://www.rightmove.co.uk/house-prices/details/9e3881aa-e1a2-44d3-891e-e48976587fd5,EH10 5HU,EH10,"Bruntsfield, Morningside, Fairmilehead, Braid Hills, Greenhill"
Flat,2,"2f2, 160, Bruntsfield Place, Bruntsfield, Edinburgh EH10 4ER",380000,190000,2026-04-09,https://www.rightmove.co.uk/house-prices/details/42cd96ea-33ad-49ef-990f-7303cfb24433,EH10 4ER,EH10,"Bruntsfield, Morningside, Fairmilehead, Braid Hills, Greenhill"
Flat,2,"Flat 4, 19, Pillans Place, South Leith, Edinburgh EH6 7FJ",317000,158500,2026-04-09,https://www.rightmove.co.uk/house-prices/details/5100e35f-9361-46dc-8527-cc350fab62a4,EH6 7FJ,EH6,"Leith, The Shore, Leith Links, Newhaven"
Flat,2,"Flat 8, 15, Ardshiel Avenue, Clerwood, Edinburgh EH4 7HR",166000,83000,2026-04-09,https://www.rightmove.co.uk/house-prices/details/c91c1139-f24b-4642-8bd7-df3a41df4359,EH4 7HR,EH4,"Dean Village, Comely Bank, Craigleith, Blackhall, Barnton, Cramond, Davidson's Mains"
Flat,2,"159, Comely Bank Road, Stockbridge, Edinburgh EH4 1BQ",375000,187500,2026-04-09,https://www.rightmove.co.uk/house-prices/details/d0e0c2fb-f853-4888-b7a4-7aa4a3ff78fe,EH4 1BQ,EH4,"Dean Village, Comely Bank, Craigleith, Blackhall, Barnton, Cramond, Davidson's Mains"
Flat,3,"2f2, 30, Hillside Crescent, Hillside, Edinburgh EH7 5EF",535000,178333,2026-04-09,https://www.rightmove.co.uk/house-prices/details/cf67b740-0bb7-445e-bd48-b1ebad5eaf12,EH7 5EF,EH7,"Leith, Pilrig, Bonnington, Restalrig, Craigentinny, Abbeyhill"
Flat,2,"3f1, 6, Iona Street, Albion, Edinburgh EH6 8SF",265265,132632,2026-04-09,https://www.rightmove.co.uk/house-prices/details/74b1592f-3fe5-47b7-a5f0-8c600e104c94,EH6 8SF,EH6,"Leith, The Shore, Leith Links, Newhaven"
Flat,2,"1d, Niddrie Mill Place, Niddrie, Edinburgh EH15 3HE",130136,65068,2026-04-09,https://www.rightmove.co.uk/house-prices/details/9215e015-836b-4b51-9e62-810c1b6a6559,EH15 3HE,EH15,"Portobello, Duddingston, Joppa, Brunstane, Craigentinny"
Flat,2,"Flat 7, 18, Blackwood Crescent, Newington, Edinburgh EH9 1QY",278500,139250,2026-04-09,https://www.rightmove.co.uk/house-prices/details/223326eb-2174-4bda-990a-32413aa739b1,EH9 1QY,EH9,"Marchmont, The Grange, Blackford, Sciennes, Newington"
Flat,2,"Flat 1, 41, Pilrig Heights, Pilrig, Edinburgh EH6 5FG",167500,83750,2026-04-09,https://www.rightmove.co.uk/house-prices/details/a269c436-e70c-4013-8c74-5507ec08d853,EH6 5FG,EH6,"Leith, The Shore, Leith Links, Newhaven"
Flat,1,"Flat 7, 2, Belhaven Place, Morningside, Edinburgh EH10 5JN",225000,225000,2026-04-09,https://www.rightmove.co.uk/house-prices/details/2ae5df38-88ca-4a30-bd66-9e4a1996316a,EH10 5JN,EH10,"Bruntsfield, Morningside, Fairmilehead, Braid Hills, Greenhill"
Flat,2,"Flat 17, 2, Portland Gardens, Newhaven, Edinburgh EH6 6NA",290000,145000,2026-04-09,https://www.rightmove.co.uk/house-prices/details/b010fa01-751e-43f1-824e-85441fb7ad98,EH6 6NA,EH6,"Leith, The Shore, Leith Links, Newhaven"
Flat,2,"Flat 3, 9, Huntingdon Place, Broughton, Edinburgh EH7 4AX",304500,152250,2026-04-08,https://www.rightmove.co.uk/house-prices/details/e6a5a58a-b6a2-4e9a-8298-02db0514daaf,EH7 4AX,EH7,"Leith, Pilrig, Bonnington, Restalrig, Craigentinny, Abbeyhill"
Terraced,2,"113, South Gyle Gardens, Broomhall, Edinburgh EH12 7XH",232500,116250,2026-04-08,https://www.rightmove.co.uk/house-prices/details/208ca890-374a-4b93-84b9-ec4b6b7abb40,EH12 7XH,EH12,"Haymarket, Murrayfield, Roseburn, Corstorphine, South Gyle"
Flat,1,"Flat 12, 11, Russell Gardens, Roseburn, Edinburgh EH12 5PG",205000,205000,2026-04-08,https://www.rightmove.co.uk/house-prices/details/8bfd78af-7f80-4cda-97bb-6632b8b68713,EH12 5PG,EH12,"Haymarket, Murrayfield, Roseburn, Corstorphine, South Gyle"
Detached,2,"6, Tyler's Acre Road, Carrick Knowe, Edinburgh EH12 7HZ",387331,193665,2026-04-08,https://www.rightmove.co.uk/house-prices/details/d95b82d6-5b48-4f2b-8d1e-6b3afb17d250,EH12 7HZ,EH12,"Haymarket, Murrayfield, Roseburn, Corstorphine, South Gyle"
Flat,1,"Flat 4, 1, Hutchison Park, Slateford, Edinburgh EH14 1RG",148000,148000,2026-04-08,https://www.rightmove.co.uk/house-prices/details/c2497cdb-f894-40e9-993b-128edbc94383,EH14 1RG,EH14,"Slateford, Longstone, Wester Hailes, Juniper Green, Currie, Balerno, Baberton"
Flat,2,"Flat 7, 2, Easter Dalry Wynd, Dalry, Edinburgh EH11 2TW",270250,135125,2026-04-08,https://www.rightmove.co.uk/house-prices/details/a94b4c26-b1af-4d85-b51f-658f1bf3208f,EH11 2TW,EH11,"Haymarket, Dalry, Gorgie, Stenhouse, Sighthill, The Calders, Slateford"
Flat,1,"5, South Gyle Park, South Gyle, Edinburgh EH12 9EL",175000,175000,2026-04-08,https://www.rightmove.co.uk/house-prices/details/7a37f4cf-a5c4-4c18-b3a6-fc42cf1dcb5f,EH12 9EL,EH12,"Haymarket, Murrayfield, Roseburn, Corstorphine, South Gyle"
Terraced,3,"16, Baileyfield Road, Portobello West, Edinburgh EH15 1DL",405000,135000,2026-04-08,https://www.rightmove.co.uk/house-prices/details/99691592-c2ca-4370-926c-10a79a2b1a4c,EH15 1DL,EH15,"Portobello, Duddingston, Joppa, Brunstane, Craigentinny"
Flat,2,"1f3, 246, Gorgie Road, Gorgie, Edinburgh EH11 2PL",239199,119599,2026-04-08,https://www.rightmove.co.uk/house-prices/details/34d7bbc5-d27c-4f8e-91aa-324d04770008,EH11 2PL,EH11,"Haymarket, Dalry, Gorgie, Stenhouse, Sighthill, The Calders, Slateford"
Flat,4,"28, Heriot Row, New Town, Edinburgh EH3 6EN",2250000,562500,2026-04-08,https://www.rightmove.co.uk/house-prices/details/a185119c-55c5-45e7-88c7-d84540c0db46,EH3 6EN,EH3,"New Town, West End, Tollcross, Fountainbridge, Haymarket"
Terraced,5,"30, Sassoon Grove, Craiglockhart, Edinburgh EH10 5FA",1255000,251000,2026-04-08,https://www.rightmove.co.uk/house-prices/details/eb64a1df-e6d9-4e93-aaa9-0bbeb6b767a2,EH10 5FA,EH10,"Bruntsfield, Morningside, Fairmilehead, Braid Hills, Greenhill"
Flat,2,"18, Broughton Market, Broughton, Edinburgh EH3 6NU",385000,192500,2026-04-08,https://www.rightmove.co.uk/house-prices/details/b09ce0bc-7d9e-4e75-abf6-9cb290879556,EH3 6NU,EH3,"New Town, West End, Tollcross, Fountainbridge, Haymarket"
Flat,2,"2f1, 167, Morningside Road, Morningside, Edinburgh EH10 4AX",410000,205000,2026-04-08,https://www.rightmove.co.uk/house-prices/details/b62d7b43-040c-483a-ad6f-de091c0aac6e,EH10 4AX,EH10,"Bruntsfield, Morningside, Fairmilehead, Braid Hills, Greenhill"
Flat,2,"Flat 5, 8, Stead's Place, Pilrig, Edinburgh EH6 5AD",235500,117750,2026-04-08,https://www.rightmove.co.uk/house-prices/details/80944587-52ef-40ee-aabd-f798dd1285f7,EH6 5AD,EH6,"Leith, The Shore, Leith Links, Newhaven"
Flat,2,"Pf2, 25, Wardieburn Drive, Boswall, Edinburgh EH5 1DA",158500,79250,2026-04-08,https://www.rightmove.co.uk/house-prices/details/da43b949-84ce-4078-b248-9e60a379788c,EH5 1DA,EH5,"Granton, Granton Harbour, Wardie, Trinity, Newhaven"
Flat,2,"554, Queensferry Road, Ravelston, Edinburgh EH4 6AS",365000,182500,2026-04-08,https://www.rightmove.co.uk/house-prices/details/eb020c73-359f-4d64-9284-bb07f2821f7f,EH4 6AS,EH4,"Dean Village, Comely Bank, Craigleith, Blackhall, Barnton, Cramond, Davidson's Mains"
Detached,6,"12, Avon Grove, Cramond, Edinburgh EH4 6RF",680000,113333,2026-04-08,https://www.rightmove.co.uk/house-prices/details/81a3d040-58d7-479a-9447-d140ae0764ad,EH4 6RF,EH4,"Dean Village, Comely Bank, Craigleith, Blackhall, Barnton, Cramond, Davidson's Mains"
Terraced,1,"24, Pilrig House Close, Pilrig, Edinburgh EH6 5RF",175000,175000,2026-04-08,https://www.rightmove.co.uk/house-prices/details/2f0fff04-90c0-4c98-a213-b21fa5375c89,EH6 5RF,EH6,"Leith, The Shore, Leith Links, Newhaven"
Flat,2,"Flat 6, 534, Gorgie Road, Gorgie, Edinburgh EH11 3FA",199950,99975,2026-04-08,https://www.rightmove.co.uk/house-prices/details/25c035e4-a746-4fd6-8072-269810f09d2f,EH11 3FA,EH11,"Haymarket, Dalry, Gorgie, Stenhouse, Sighthill, The Calders, Slateford"
Flat,2,"Flat 6, 4, Clark Place, Trinity, Edinburgh EH5 3BQ",225000,112500,2026-04-08,https://www.rightmove.co.uk/house-prices/details/9b1f0a4d-1410-4c69-8065-5bad516265b9,EH5 3BQ,EH5,"Granton, Granton Harbour, Wardie, Trinity, Newhaven"
Flat,3,"29, Douglas Crescent, New Town, Edinburgh EH12 5BA",851336,283778,2026-04-07,https://www.rightmove.co.uk/house-prices/details/083de73b-6b5b-4930-be11-77875c106ead,EH12 5BA,EH12,"Haymarket, Murrayfield, Roseburn, Corstorphine, South Gyle"
Flat,2,"Flat 4, 9, Calder Place, Calders, Edinburgh EH11 4LR",130200,65100,2026-04-07,https://www.rightmove.co.uk/house-prices/details/b42545c9-580b-4115-bc27-582f0b0fcc5b,EH11 4LR,EH11,"Haymarket, Dalry, Gorgie, Stenhouse, Sighthill, The Calders, Slateford"
Flat,1,"Flat 9, 6, North Werber Place, Craigleith, Edinburgh EH4 1TE",195000,195000,2026-04-07,https://www.rightmove.co.uk/house-prices/details/48adc436-89e7-4e7c-a1bf-c1fc3a82c152,EH4 1TE,EH4,"Dean Village, Comely Bank, Craigleith, Blackhall, Barnton, Cramond, Davidson's Mains"
Flat,2,"1f, 15, Coates Gardens, New Town, Edinburgh EH12 5LG",440000,220000,2026-04-07,https://www.rightmove.co.uk/house-prices/details/245be9b1-3c13-487b-91d1-b354085b9743,EH12 5LG,EH12,"Haymarket, Murrayfield, Roseburn, Corstorphine, South Gyle"
Flat,3,"2f2, 91, Marchmont Road, Marchmont, Edinburgh EH9 1HB",415000,138333,2026-04-07,https://www.rightmove.co.uk/house-prices/details/72c16f6b-e0cc-4343-bdb9-04c45837796b,EH9 1HB,EH9,"Marchmont, The Grange, Blackford, Sciennes, Newington"
Flat,2,"3f2, 1, Largo Place, Bonnington, Edinburgh EH6 4AG",245000,122500,2026-04-07,https://www.rightmove.co.uk/house-prices/details/366de96c-a842-4379-a76d-0bd5be558b20,EH6 4AG,EH6,"Leith, The Shore, Leith Links, Newhaven"
Flat,2,"Flat 6, 2, Western Harbour Place, Newhaven, Edinburgh EH6 6NG",315000,157500,2026-04-07,https://www.rightmove.co.uk/house-prices/details/37164c57-305b-4929-a9c3-6a6c24a734a0,EH6 6NG,EH6,"Leith, The Shore, Leith Links, Newhaven"
Flat,2,"Flat 1, 20, Bright's Crescent, Prestonfield, Edinburgh EH9 2DB",325000,162500,2026-04-07,https://www.rightmove.co.uk/house-prices/details/cafae252-ab6a-422f-8735-94e4ce8e4fdb,EH9 2DB,EH9,"Marchmont, The Grange, Blackford, Sciennes, Newington"
Flat,3,"Flat 6, 59, Ocean Drive, North Leith, Edinburgh EH6 6BH",380000,126666,2026-04-07,https://www.rightmove.co.uk/house-prices/details/93f66baa-287f-4c01-860d-2fd0e9a664e6,EH6 6BH,EH6,"Leith, The Shore, Leith Links, Newhaven"
Flat,1,"Flat 5, 159, Broughton Road, Warriston, Edinburgh EH7 4QH",200000,200000,2026-04-07,https://www.rightmove.co.uk/house-prices/details/9022adf9-2c1d-4a41-968a-b33c08c491e5,EH7 4QH,EH7,"Leith, Pilrig, Bonnington, Restalrig, Craigentinny, Abbeyhill"
NULL,1,"81, Fauldburn, Bughtlin, Edinburgh EH12 8YQ",160000,160000,2026-04-07,https://www.rightmove.co.uk/house-prices/details/0bfa4ab8-93a6-44ff-9c4f-3be9aeaea8c2,EH12 8YQ,EH12,"Haymarket, Murrayfield, Roseburn, Corstorphine, South Gyle"
Flat,1,"Flat 2, 56, Candlemaker Row, Old Town, Edinburgh EH1 2QE",70000,70000,2026-04-07,https://www.rightmove.co.uk/house-prices/details/ddd8ce47-a45f-421a-9e1d-6cd35f6cd087,EH1 2QE,EH1,"Old Town, Holyrood, Canongate, City Centre"
Flat,2,"1f3, 28, Craighall Road, Trinity, Edinburgh EH6 4SA",300000,150000,2026-04-07,https://www.rightmove.co.uk/house-prices/details/a46087a7-e754-41c3-b224-df6b58312ea2,EH6 4SA,EH6,"Leith, The Shore, Leith Links, Newhaven"
Terraced,3,"8, St John's Terrace, Carrick Knowe, Edinburgh EH12 6NW",535000,178333,2026-04-06,https://www.rightmove.co.uk/house-prices/details/711840e4-07c8-49ea-a557-50199a886997,EH12 6NW,EH12,"Haymarket, Murrayfield, Roseburn, Corstorphine, South Gyle"
Semi-Detached,3,"9, Brocken Brigg End, Gilmerton, Edinburgh EH17 8YX",429995,143331,2026-04-06,https://www.rightmove.co.uk/house-prices/details/f61e5b1d-4be9-4f99-a11f-8a695cdc08cc,EH17 8YX,EH17,"Gilmerton, Moredun, Mortonhall, Fernieside, Gracemount, Southhouse"
Terraced,2,"38, Kilngate Brae, Hyvots Bank, Edinburgh EH17 8UU",213000,106500,2026-04-06,https://www.rightmove.co.uk/house-prices/details/30fc5257-4cc2-463a-9c24-941e1d57c1f4,EH17 8UU,EH17,"Gilmerton, Moredun, Mortonhall, Fernieside, Gracemount, Southhouse"
Detached,5,"24, Kirk Brae, Liberton, Edinburgh EH16 6HH",760000,152000,2026-04-06,https://www.rightmove.co.uk/house-prices/details/fb0d175b-2e82-4389-ae57-afb2513cfef0,EH16 6HH,EH16,"Liberton, Cameron Toll, Craigmillar, Niddrie, Gilmerton"
Flat,3,"Flat 9, 23, Clarence Street, Stockbridge, Edinburgh EH3 5AE",545450,181816,2026-04-03,https://www.rightmove.co.uk/house-prices/details/4447551b-b4ec-412e-aee0-2ef8a37591b0,EH3 5AE,EH3,"New Town, West End, Tollcross, Fountainbridge, Haymarket"
Flat,1,"Flat 7, 9, Salamander Court, South Leith, Edinburgh EH6 7JP",190000,190000,2026-04-03,https://www.rightmove.co.uk/house-prices/details/910cf7c1-c25e-482a-b315-17840f26f54c,EH6 7JP,EH6,"Leith, The Shore, Leith Links, Newhaven"
Flat,1,"Pf2, 50, North Junction Street, North Leith, Edinburgh EH6 6HP",170000,170000,2026-04-03,https://www.rightmove.co.uk/house-prices/details/06acab10-d0d7-4b27-85f2-c94649aae461,EH6 6HP,EH6,"Leith, The Shore, Leith Links, Newhaven"
Flat,2,"Flat 6, 3, Papermill Wynd, Broughton, Edinburgh EH7 4QL",290000,145000,2026-04-03,https://www.rightmove.co.uk/house-prices/details/ec7bb7af-0524-4236-b332-e7fe42310f83,EH7 4QL,EH7,"Leith, Pilrig, Bonnington, Restalrig, Craigentinny, Abbeyhill"
Flat,2,"1f2, 14, Caledonian Place, Dalry, Edinburgh EH11 2AS",283550,141775,2026-04-03,https://www.rightmove.co.uk/house-prices/details/b3f733c7-ca67-4638-82dc-bded39b7b26e,EH11 2AS,EH11,"Haymarket, Dalry, Gorgie, Stenhouse, Sighthill, The Calders, Slateford"
Flat,5,"159, Colinton Road, Firrhill, Edinburgh EH14 1BG",700000,140000,2026-04-03,https://www.rightmove.co.uk/house-prices/details/f914de23-3399-40c7-9d6b-99adb71c706b,EH14 1BG,EH14,"Slateford, Longstone, Wester Hailes, Juniper Green, Currie, Balerno, Baberton"
Terraced,3,"20, Silverknowes Terrace, Silverknowes, Edinburgh EH4 5HL",425000,141666,2026-04-03,https://www.rightmove.co.uk/house-prices/details/3968514b-17d7-495b-9ea5-1f001579ba9d,EH4 5HL,EH4,"Dean Village, Comely Bank, Craigleith, Blackhall, Barnton, Cramond, Davidson's Mains"
Terraced,2,"144, Kingsknowe Road North, Kingsknowe, Edinburgh EH14 2EA",297000,148500,2026-04-03,https://www.rightmove.co.uk/house-prices/details/0e12ea54-fb34-4545-bcfe-b9acb1d2381c,EH14 2EA,EH14,"Slateford, Longstone, Wester Hailes, Juniper Green, Currie, Balerno, Baberton"
Flat,2,"3f1, 17, Blackwood Crescent, Newington, Edinburgh EH9 1RA",297500,148750,2026-04-03,https://www.rightmove.co.uk/house-prices/details/b87e43f6-5b47-4210-9009-4219138f6164,EH9 1RA,EH9,"Marchmont, The Grange, Blackford, Sciennes, Newington"
Flat,2,"Flat 37, 6, Roseburn Drive, Roseburn, Edinburgh EH12 5NS",197500,98750,2026-04-03,https://www.rightmove.co.uk/house-prices/details/f318d1cc-a8f8-404a-80f5-87c81bbb6709,EH12 5NS,EH12,"Haymarket, Murrayfield, Roseburn, Corstorphine, South Gyle"
Flat,1,"3f1, 93, Morrison Street, West End, Edinburgh EH3 8BX",230000,230000,2026-04-03,https://www.rightmove.co.uk/house-prices/details/0d2804de-545a-4e64-8521-f717c2ef64fc,EH3 8BX,EH3,"New Town, West End, Tollcross, Fountainbridge, Haymarket"
Flat,2,"Flat 3, 86, West Ferryfield, Boswall, Edinburgh EH5 2PU",220000,110000,2026-04-03,https://www.rightmove.co.uk/house-prices/details/f9a4f3c7-3437-43c9-9a34-fb59abfacff1,EH5 2PU,EH5,"Granton, Granton Harbour, Wardie, Trinity, Newhaven"
Flat,2,"Flat 6, 6, Tinto Place, Bonnington, Edinburgh EH6 5FJ",300000,150000,2026-04-03,https://www.rightmove.co.uk/house-prices/details/69e5f43f-4b57-40ce-a022-0cc3f869221d,EH6 5FJ,EH6,"Leith, The Shore, Leith Links, Newhaven"
Flat,2,"Flat 2, 4, Elbe Street, South Leith, Edinburgh EH6 7HG",215000,107500,2026-04-03,https://www.rightmove.co.uk/house-prices/details/89e2b2d0-d4b4-4c36-9691-4ec6dc150db2,EH6 7HG,EH6,"Leith, The Shore, Leith Links, Newhaven"
Flat,3,"Flat 1, 27, West Pilton Gardens, Pilton, Edinburgh EH4 4EF",123000,41000,2026-04-03,https://www.rightmove.co.uk/house-prices/details/36dd0e3e-76ef-4df0-a45c-862fd10f05c0,EH4 4EF,EH4,"Dean Village, Comely Bank, Craigleith, Blackhall, Barnton, Cramond, Davidson's Mains"
Flat,2,"Flat 1, 35, Leith Street, New Town, Edinburgh EH1 3AT",280000,140000,2026-04-03,https://www.rightmove.co.uk/house-prices/details/e1514d79-a8ac-4d79-8e2a-76f7634e6f3e,EH1 3AT,EH1,"Old Town, Holyrood, Canongate, City Centre"
Flat,2,"Flat 1, 128, Nicolson Street, Newington, Edinburgh EH8 9EH",242000,121000,2026-04-03,https://www.rightmove.co.uk/house-prices/details/ac6b46f4-b92f-4597-8ae5-e874e7390e48,EH8 9EH,EH8,"Southside, Newington, Canongate, Northfield, Mountcastle, Abbeyhill"
Flat,2,"Flat 6, 9, West Pilton Rise, Pilton, Edinburgh EH4 4UQ",149000,74500,2026-04-03,https://www.rightmove.co.uk/house-prices/details/c7c094aa-2940-4de0-8dc8-6e744cf41a7c,EH4 4UQ,EH4,"Dean Village, Comely Bank, Craigleith, Blackhall, Barnton, Cramond, Davidson's Mains"
Flat,3,"Flat 9, 3, Dalgety Road, Meadowbank, Edinburgh EH7 5FP",445000,148333,2026-04-03,https://www.rightmove.co.uk/house-prices/details/f493d61f-2bb2-4fa4-b015-ca0ef66198c1,EH7 5FP,EH7,"Leith, Pilrig, Bonnington, Restalrig, Craigentinny, Abbeyhill"
Flat,3,"21, Braid Hills Approach, Braid Hills, Edinburgh EH10 6JZ",700000,233333,2026-04-03,https://www.rightmove.co.uk/house-prices/details/c6ee0249-40a3-49aa-9867-f836ac805818,EH10 6JZ,EH10,"Bruntsfield, Morningside, Fairmilehead, Braid Hills, Greenhill"
Flat,2,"2f2, 75, Sighthill Drive, Sighthill, Edinburgh EH11 4QJ",160000,80000,2026-04-03,https://www.rightmove.co.uk/house-prices/details/eef48d4c-cd11-4431-bffa-61ce5328f296,EH11 4QJ,EH11,"Haymarket, Dalry, Gorgie, Stenhouse, Sighthill, The Calders, Slateford"
Flat,1,"1f2, 145, Piersfield Terrace, Mountcastle, Edinburgh EH8 7BS",155000,155000,2026-04-03,https://www.rightmove.co.uk/house-prices/details/d5cae5ac-9595-455f-a535-4e58b0b97bac,EH8 7BS,EH8,"Southside, Newington, Canongate, Northfield, Mountcastle, Abbeyhill"
Flat,1,"Flat 2, 1, Stevedore Place, North Leith, Edinburgh EH6 7BF",152000,152000,2026-04-03,https://www.rightmove.co.uk/house-prices/details/597864fc-bc80-4e3d-9805-ba12d651ad50,EH6 7BF,EH6,"Leith, The Shore, Leith Links, Newhaven"
Flat,4,"15, West Preston Street, Newington, Edinburgh EH8 9PU",385000,96250,2026-04-03,https://www.rightmove.co.uk/house-prices/details/bea864c7-4c6d-425c-a325-2184f655ba22,EH8 9PU,EH8,"Southside, Newington, Canongate, Northfield, Mountcastle, Abbeyhill"
NULL,1,"27, Wisp Green, Newcraighall, Edinburgh EH15 3QX",162270,162270,2026-04-03,https://www.rightmove.co.uk/house-prices/details/8eafa4df-49ad-40ad-a805-0243089deeb0,EH15 3QX,EH15,"Portobello, Duddingston, Joppa, Brunstane, Craigentinny"
Flat,2,"Flat 12, 6, Giles Street, North Leith, Edinburgh EH6 6DA",208500,104250,2026-04-03,https://www.rightmove.co.uk/house-prices/details/be2509c4-39d2-47ff-a4d4-0a871eade079,EH6 6DA,EH6,"Leith, The Shore, Leith Links, Newhaven"
Flat,1,"1f1, 255, Newhaven Road, Newhaven, Edinburgh EH6 4LQ",167000,167000,2026-04-03,https://www.rightmove.co.uk/house-prices/details/534d1ce6-6e59-40ad-b39d-a94df34ad169,EH6 4LQ,EH6,"Leith, The Shore, Leith Links, Newhaven"
Flat,1,"Flat 8, 10, East Suffolk Park, Mayfield, Edinburgh EH16 5PL",270000,270000,2026-04-03,https://www.rightmove.co.uk/house-prices/details/29b055b1-a991-4c1a-bb2a-a2248c554107,EH16 5PL,EH16,"Liberton, Cameron Toll, Craigmillar, Niddrie, Gilmerton"
Terraced,3,"32, Adit Place, Burdiehouse, Edinburgh EH17 8GA",295000,98333,2026-04-03,https://www.rightmove.co.uk/house-prices/details/6ab472c7-3c15-4b99-8e73-71e8cc2efe9d,EH17 8GA,EH17,"Gilmerton, Moredun, Mortonhall, Fernieside, Gracemount, Southhouse"
Terraced,2,"5, Mortonhall Park Green, Mortonhall, Edinburgh EH17 8SP",270084,135042,2026-04-03,https://www.rightmove.co.uk/house-prices/details/506d3f33-02e0-4ae7-8290-5dd2b844c8bf,EH17 8SP,EH17,"Gilmerton, Moredun, Mortonhall, Fernieside, Gracemount, Southhouse"
Flat,1,"11, Slateford Road, Slateford, Edinburgh EH11 1PA",152500,152500,2026-04-03,https://www.rightmove.co.uk/house-prices/details/4894c5f6-b30e-4459-9281-7f4112899a25,EH11 1PA,EH11,"Haymarket, Dalry, Gorgie, Stenhouse, Sighthill, The Calders, Slateford"
Flat,2,"Flat 10, 2, Egan Terrace, Greendykes, Edinburgh EH16 4FR",195000,97500,2026-04-03,https://www.rightmove.co.uk/house-prices/details/a94ee764-fa70-432e-963f-121e083bebb4,EH16 4FR,EH16,"Liberton, Cameron Toll, Craigmillar, Niddrie, Gilmerton"
Flat,2,"Flat 14, 24, Slateford Gait, Gorgie, Edinburgh EH11 1GU",245000,122500,2026-04-03,https://www.rightmove.co.uk/house-prices/details/82d24baf-582d-4dd6-b7fc-396905a9caee,EH11 1GU,EH11,"Haymarket, Dalry, Gorgie, Stenhouse, Sighthill, The Calders, Slateford"
Flat,1,"7, William Street North West Lane, New Town, Edinburgh EH3 7LN",263000,263000,2026-04-03,https://www.rightmove.co.uk/house-prices/details/90622e3c-14da-4731-bf45-ec9f45892eae,EH3 7LN,EH3,"New Town, West End, Tollcross, Fountainbridge, Haymarket"
Flat,2,"1f2, 16, Marionville Road, Meadowbank, Edinburgh EH7 5TX",235000,117500,2026-04-03,https://www.rightmove.co.uk/house-prices/details/99be1359-1427-41a3-a36c-ea35348ba6f1,EH7 5TX,EH7,"Leith, Pilrig, Bonnington, Restalrig, Craigentinny, Abbeyhill"
Flat,2,"5, Featherhall Place, Broomhall, Edinburgh EH12 7TN",220000,110000,2026-04-03,https://www.rightmove.co.uk/house-prices/details/fedbe4dd-4833-4fda-9a30-ec0a9f045d28,EH12 7TN,EH12,"Haymarket, Murrayfield, Roseburn, Corstorphine, South Gyle"
Detached,3,"8, Carfrae Road, Blackhall, Edinburgh EH4 3SE",574056,191352,2026-04-03,https://www.rightmove.co.uk/house-prices/details/52431e0c-389e-4909-a99e-cf6394a007ea,EH4 3SE,EH4,"Dean Village, Comely Bank, Craigleith, Blackhall, Barnton, Cramond, Davidson's Mains"
Flat,2,"Flat 1, 26d, Quality Street, Davidson's Mains, Edinburgh EH4 5BS",269000,134500,2026-04-03,https://www.rightmove.co.uk/house-prices/details/3044ac88-52c1-444c-a2c5-1ea43d1886ea,EH4 5BS,EH4,"Dean Village, Comely Bank, Craigleith, Blackhall, Barnton, Cramond, Davidson's Mains"
Flat,2,"6, Joppa Grove, Joppa, Edinburgh EH15 2HX",365000,182500,2026-04-03,https://www.rightmove.co.uk/house-prices/details/825a8ea4-00e8-4b6e-8e06-882eee20b820,EH15 2HX,EH15,"Portobello, Duddingston, Joppa, Brunstane, Craigentinny"
Flat,1,"Flat 3, 8, Blackwell Road, Edinburgh EH4 5FE",190000,190000,2026-04-03,https://www.rightmove.co.uk/house-prices/details/77b118d3-ba4e-4907-9de2-cc7be331ceae,EH4 5FE,EH4,"Dean Village, Comely Bank, Craigleith, Blackhall, Barnton, Cramond, Davidson's Mains"
Terraced,2,"Flat 11, 199, Craigs Road, North Gyle, Edinburgh EH12 0AJ",281000,140500,2026-04-03,https://www.rightmove.co.uk/house-prices/details/089e6098-22e3-4964-bdfd-3271cb7ddc93,EH12 0AJ,EH12,"Haymarket, Murrayfield, Roseburn, Corstorphine, South Gyle"
Terraced,3,"62, Gilberstoun, Brunstane, Edinburgh EH15 2QY",265000,88333,2026-04-03,https://www.rightmove.co.uk/house-prices/details/a98c4919-95aa-4af6-88ee-c2e0a4b3ed00,EH15 2QY,EH15,"Portobello, Duddingston, Joppa, Brunstane, Craigentinny"
Terraced,4,"38, Craigroyston Grove, Muirhouse, Edinburgh EH4 4GL",300000,75000,2026-04-02,https://www.rightmove.co.uk/house-prices/details/aa236aac-1463-4eb7-8ddc-48d22cabd78a,EH4 4GL,EH4,"Dean Village, Comely Bank, Craigleith, Blackhall, Barnton, Cramond, Davidson's Mains"
Flat,2,"Flat 4, 19, Portobello Road, Mountcastle, Edinburgh EH8 7BG",201000,100500,2026-04-02,https://www.rightmove.co.uk/house-prices/details/5829c605-ae58-44bc-add0-4d519972b26c,EH8 7BG,EH8,"Southside, Newington, Canongate, Northfield, Mountcastle, Abbeyhill"
Flat,2,"573, Lanark Road, Woodhall, Juniper Green EH14 5DB",310000,155000,2026-04-02,https://www.rightmove.co.uk/house-prices/details/cd99c9f2-e15c-47a7-929b-abb6f35bd704,EH14 5DB,EH14,"Slateford, Longstone, Wester Hailes, Juniper Green, Currie, Balerno, Baberton"
Flat,2,"Flat 2, 47, Constitution Street, South Leith, Edinburgh EH6 7BG",210000,105000,2026-04-02,https://www.rightmove.co.uk/house-prices/details/5e35810a-96e1-4bc9-ad19-6fe1506b8de6,EH6 7BG,EH6,"Leith, The Shore, Leith Links, Newhaven"
Flat,2,"1, Wilfrid Terrace, Willowbrae, Edinburgh EH8 7DH",388000,194000,2026-04-02,https://www.rightmove.co.uk/house-prices/details/f9b2ecb2-d898-4d85-b5cf-664bfd6ef8f6,EH8 7DH,EH8,"Southside, Newington, Canongate, Northfield, Mountcastle, Abbeyhill"
Flat,2,"Flat 13, 19, Roseburn Maltings, Roseburn, Edinburgh EH12 5LL",330000,165000,2026-04-02,https://www.rightmove.co.uk/house-prices/details/25046f38-c501-4fb5-b5d4-c37cda2ca24e,EH12 5LL,EH12,"Haymarket, Murrayfield, Roseburn, Corstorphine, South Gyle"
Semi-Detached,3,"24, Craigour Drive, Moredun, Edinburgh EH17 7NY",235000,78333,2026-04-02,https://www.rightmove.co.uk/house-prices/details/8663f9aa-8ed6-40bb-a759-e268ef9da705,EH17 7NY,EH17,"Gilmerton, Moredun, Mortonhall, Fernieside, Gracemount, Southhouse"
Semi-Detached,3,"8, Craigleith Hill Park, Craigleith, Edinburgh EH4 2NR",405330,135110,2026-04-02,https://www.rightmove.co.uk/house-prices/details/fc5d96e0-1d86-42a5-8a54-51a31bac307c,EH4 2NR,EH4,"Dean Village, Comely Bank, Craigleith, Blackhall, Barnton, Cramond, Davidson's Mains"
Terraced,2,"32, Howden Hall Court, Alnwickhill, Edinburgh EH16 6UZ",210000,105000,2026-04-02,https://www.rightmove.co.uk/house-prices/details/abeaefa5-5cd0-4f40-8e28-1dfdffa87240,EH16 6UZ,EH16,"Liberton, Cameron Toll, Craigmillar, Niddrie, Gilmerton"
Flat,4,"Flat 1, 15, Colonsay Close, Granton, Edinburgh EH5 1BT",230000,57500,2026-04-02,https://www.rightmove.co.uk/house-prices/details/14780ed0-a9a0-49bd-b1fa-390d12979fd2,EH5 1BT,EH5,"Granton, Granton Harbour, Wardie, Trinity, Newhaven"
Flat,2,"20, Stenhouse Gardens North, Stenhouse, Edinburgh EH11 3EJ",168000,84000,2026-04-02,https://www.rightmove.co.uk/house-prices/details/1efd38c3-d31a-4eef-8967-95969a153c7b,EH11 3EJ,EH11,"Haymarket, Dalry, Gorgie, Stenhouse, Sighthill, The Calders, Slateford"
Flat,1,"3f1, 11, Thorntree Street, Leith, Edinburgh EH6 8PY",145000,145000,2026-04-02,https://www.rightmove.co.uk/house-prices/details/1767dfa4-b8d8-4822-b632-8781452f2394,EH6 8PY,EH6,"Leith, The Shore, Leith Links, Newhaven"
NULL,3,"1, Keggie Crescent, Hyvots Bank, Edinburgh EH17 8ZY",316500,105500,2026-04-02,https://www.rightmove.co.uk/house-prices/details/b8e0e6da-dc71-48cd-b9a8-dc1fac7b0ca2,EH17 8ZY,EH17,"Gilmerton, Moredun, Mortonhall, Fernieside, Gracemount, Southhouse"
Flat,3,"9, West Bowling Green Street, Bonnington, Edinburgh EH6 5PQ",345500,115166,2026-04-02,https://www.rightmove.co.uk/house-prices/details/db3f730d-90df-4fa2-b501-a2d5028ae993,EH6 5PQ,EH6,"Leith, The Shore, Leith Links, Newhaven"
Flat,1,"Flat 13, 6, Giles Street, North Leith, Edinburgh EH6 6DA",187500,187500,2026-04-02,https://www.rightmove.co.uk/house-prices/details/135e19f7-91c8-4d3c-85e9-0e77f67e29e6,EH6 6DA,EH6,"Leith, The Shore, Leith Links, Newhaven"
Flat,3,"Bf, 29, Cheyne Street, Stockbridge, Edinburgh EH4 1JD",400000,133333,2026-04-02,https://www.rightmove.co.uk/house-prices/details/e3e659e3-397a-4fbe-8976-dc48421122c7,EH4 1JD,EH4,"Dean Village, Comely Bank, Craigleith, Blackhall, Barnton, Cramond, Davidson's Mains"
Flat,2,"Flat 7, 14, Yardheads, North Leith, Edinburgh EH6 6BU",240000,120000,2026-04-02,https://www.rightmove.co.uk/house-prices/details/48fc7025-746a-4633-a02c-5034c0fe8ee5,EH6 6BU,EH6,"Leith, The Shore, Leith Links, Newhaven"
Flat,4,"540, Queensferry Road, Ravelston, Edinburgh EH4 6AS",505500,126375,2026-04-02,https://www.rightmove.co.uk/house-prices/details/41632a98-6d5b-48ab-a265-4aef0582d6e7,EH4 6AS,EH4,"Dean Village, Comely Bank, Craigleith, Blackhall, Barnton, Cramond, Davidson's Mains"
Flat,1,"2f2, 29, Stewart Terrace, Gorgie, Edinburgh EH11 1UN",163200,163200,2026-04-02,https://www.rightmove.co.uk/house-prices/details/acacf6fd-fa76-4d3a-b112-fc557b519040,EH11 1UN,EH11,"Haymarket, Dalry, Gorgie, Stenhouse, Sighthill, The Calders, Slateford"
Flat,2,"1f3, 8, Cathcart Place, Dalry, Edinburgh EH11 2HE",257777,128888,2026-04-02,https://www.rightmove.co.uk/house-prices/details/a9dba508-6318-4ff9-b8b2-f71259b27a24,EH11 2HE,EH11,"Haymarket, Dalry, Gorgie, Stenhouse, Sighthill, The Calders, Slateford"
Flat,2,"2f2, 10, Granton Terrace, Boswall, Edinburgh EH5 1BQ",175000,87500,2026-04-02,https://www.rightmove.co.uk/house-prices/details/af3b36ce-6ff4-4b04-a336-c78a8e9dd576,EH5 1BQ,EH5,"Granton, Granton Harbour, Wardie, Trinity, Newhaven"
Flat,2,"Flat 1, 17, Appin Place, Dalry, Edinburgh EH14 1NJ",285500,142750,2026-04-02,https://www.rightmove.co.uk/house-prices/details/1f810855-f49e-4f0e-b150-bd2e1bdf754f,EH14 1NJ,EH14,"Slateford, Longstone, Wester Hailes, Juniper Green, Currie, Balerno, Baberton"
Flat,2,"Flat 2, 123, Gogarloch Syke, South Gyle, Edinburgh EH12 9JE",180000,90000,2026-04-02,https://www.rightmove.co.uk/house-prices/details/e0b39a5b-3839-4e4a-a26f-d02a11414d72,EH12 9JE,EH12,"Haymarket, Murrayfield, Roseburn, Corstorphine, South Gyle"
Detached,3,"65, Katesmill Road, Wester Craiglockhart, Edinburgh EH14 1JF",499995,166665,2026-04-02,https://www.rightmove.co.uk/house-prices/details/35f41007-e62a-4f03-8f9d-e4b92441b96e,EH14 1JF,EH14,"Slateford, Longstone, Wester Hailes, Juniper Green, Currie, Balerno, Baberton"
Terraced,4,"6, Cottage Park, Cramond, Edinburgh EH4 3QL",640000,160000,2026-04-02,https://www.rightmove.co.uk/house-prices/details/78899f30-86dc-40b4-9649-b1d3a75fd3f4,EH4 3QL,EH4,"Dean Village, Comely Bank, Craigleith, Blackhall, Barnton, Cramond, Davidson's Mains"
Flat,2,"1f1, 24, Pirniefield Bank, Lochend, Edinburgh EH6 7QH",176112,88056,2026-04-02,https://www.rightmove.co.uk/house-prices/details/be8070cb-4770-40a7-b896-279461a0b042,EH6 7QH,EH6,"Leith, The Shore, Leith Links, Newhaven"
Flat,2,"Flat 7, 70, Slateford Road, Slateford, Edinburgh EH11 1QX",216559,108279,2026-04-02,https://www.rightmove.co.uk/house-prices/details/f19afaa1-973a-4ccc-b635-a72465a8e2a8,EH11 1QX,EH11,"Haymarket, Dalry, Gorgie, Stenhouse, Sighthill, The Calders, Slateford"
Flat,2,"17, Clearburn Gardens, Prestonfield, Edinburgh EH16 5ET",190000,95000,2026-04-02,https://www.rightmove.co.uk/house-prices/details/4c3c52e6-75f5-4ed6-a16e-66f353742e8e,EH16 5ET,EH16,"Liberton, Cameron Toll, Craigmillar, Niddrie, Gilmerton"
Flat,2,"273, Gilmerton Road, Gilmerton, Edinburgh EH16 5TT",167000,83500,2026-04-02,https://www.rightmove.co.uk/house-prices/details/a937be15-f8d8-4f58-9455-3ab39aac14be,EH16 5TT,EH16,"Liberton, Cameron Toll, Craigmillar, Niddrie, Gilmerton"
Semi-Detached,2,"134, Wester Drylaw Place, Wester Drylaw, Edinburgh EH4 2TG",169000,84500,2026-04-02,https://www.rightmove.co.uk/house-prices/details/2dfc0535-8bab-4b09-b552-c54f1277f275,EH4 2TG,EH4,"Dean Village, Comely Bank, Craigleith, Blackhall, Barnton, Cramond, Davidson's Mains"
Flat,2,"1f, 39, Gilmore Place, Tollcross, Edinburgh EH3 9NG",360000,180000,2026-04-02,https://www.rightmove.co.uk/house-prices/details/e965d1d5-a886-416b-9c82-30b075e89779,EH3 9NG,EH3,"New Town, West End, Tollcross, Fountainbridge, Haymarket"
Flat,2,"2f, 70, Netherby Road, Trinity, Edinburgh EH5 3LX",361000,180500,2026-04-02,https://www.rightmove.co.uk/house-prices/details/3e0f46d1-ab18-4a05-9e1c-381745cf3c88,EH5 3LX,EH5,"Granton, Granton Harbour, Wardie, Trinity, Newhaven"
Terraced,3,"37, Bellenden Gardens, Inch, Edinburgh EH16 5TB",272000,90666,2026-04-02,https://www.rightmove.co.uk/house-prices/details/8513be49-5d20-4349-886a-84317c51c072,EH16 5TB,EH16,"Liberton, Cameron Toll, Craigmillar, Niddrie, Gilmerton"
Flat,3,"Flat 7, 16, Margaret Thomson Crescent, South Leith, Edinburgh EH6 7FD",347000,115666,2026-04-02,https://www.rightmove.co.uk/house-prices/details/49bd8558-87f1-4f4d-89d0-2ab1b402dbcb,EH6 7FD,EH6,"Leith, The Shore, Leith Links, Newhaven"
Terraced,3,"44, Whitehill Street, Newcraighall, Musselburgh EH21 8RA",315000,105000,2026-04-01,https://www.rightmove.co.uk/house-prices/details/107e33da-bd01-4f21-89ec-c5035aae347a,EH21 8RA,EH21,"Musselburgh, Fisherrow, Inveresk, Levenhall, Monktonhall, Pinkie, Stoneybank, Wallyford"
Flat,2,"17, Lennox Street Lane, Stockbridge, Edinburgh EH4 1PZ",365000,182500,2026-04-01,https://www.rightmove.co.uk/house-prices/details/b0c54fd1-5438-429b-b676-3101afc2d28a,EH4 1PZ,EH4,"Dean Village, Comely Bank, Craigleith, Blackhall, Barnton, Cramond, Davidson's Mains"
Flat,2,"Flat 6, 52, Craighouse Gardens, Morningside, Edinburgh EH10 5TZ",223000,111500,2026-04-01,https://www.rightmove.co.uk/house-prices/details/7f88398a-ef7e-44f6-ab86-cd65c02ad4b0,EH10 5TZ,EH10,"Bruntsfield, Morningside, Fairmilehead, Braid Hills, Greenhill"
Terraced,3,"4, Lugton Terrace, Gilmerton, Edinburgh EH17 8GU",280000,93333,2026-04-01,https://www.rightmove.co.uk/house-prices/details/ad5b4d2d-4181-4b6b-96a9-5c3dfa0aea5c,EH17 8GU,EH17,"Gilmerton, Moredun, Mortonhall, Fernieside, Gracemount, Southhouse"
Detached,3,"4b, Oakwood Court, Clerwood, Edinburgh EH12 8WW",430000,143333,2026-04-01,https://www.rightmove.co.uk/house-prices/details/15a6801a-9ad8-4b2d-ac8a-f31b09add107,EH12 8WW,EH12,"Haymarket, Murrayfield, Roseburn, Corstorphine, South Gyle"
Flat,2,"Flat 5, 6, Flaxmill Place, Bonnington, Edinburgh EH6 5QU",253000,126500,2026-04-01,https://www.rightmove.co.uk/house-prices/details/775cb1e5-1849-432a-9e73-4bd173310918,EH6 5QU,EH6,"Leith, The Shore, Leith Links, Newhaven"
Flat,2,"13, Juniper Terrace, Edinburgh, Juniper Green EH14 5EF",190000,95000,2026-04-01,https://www.rightmove.co.uk/house-prices/details/7ba3efec-fdf8-4e03-a77b-aa5536d9668f,EH14 5EF,EH14,"Slateford, Longstone, Wester Hailes, Juniper Green, Currie, Balerno, Baberton"
Terraced,4,"4a, Woodhall Avenue, Woodhall, Juniper Green EH14 5BU",682775,170693,2026-04-01,https://www.rightmove.co.uk/house-prices/details/120cebb5-df29-4467-95f8-47d7a517ad6f,EH14 5BU,EH14,"Slateford, Longstone, Wester Hailes, Juniper Green, Currie, Balerno, Baberton"
Flat,2,"76, Montpelier Park, Bruntsfield, Edinburgh EH10 4NG",525000,262500,2026-04-01,https://www.rightmove.co.uk/house-prices/details/9f6610e8-4ac8-4ac5-add8-d4614d416e07,EH10 4NG,EH10,"Bruntsfield, Morningside, Fairmilehead, Braid Hills, Greenhill"
Flat,2,"2f1, 183, Ferry Road, Edinburgh EH6 4NL",280250,140125,2026-04-01,https://www.rightmove.co.uk/house-prices/details/5494180e-a9f9-4bc2-87c3-fb78aeedd9b2,EH6 4NL,EH6,"Leith, The Shore, Leith Links, Newhaven"
Flat,2,"Flat 8, 3, North Werber Road, Craigleith, Edinburgh EH4 1TA",299000,149500,2026-04-01,https://www.rightmove.co.uk/house-prices/details/ee202106-7c07-4ff5-b49b-3f5030a94cc2,EH4 1TA,EH4,"Dean Village, Comely Bank, Craigleith, Blackhall, Barnton, Cramond, Davidson's Mains"
Semi-Detached,2,"28, Wester Broom Drive, Broomhall, Edinburgh EH12 7RF",250000,125000,2026-04-01,https://www.rightmove.co.uk/house-prices/details/d7097693-629a-4030-b13c-501a5cee1f51,EH12 7RF,EH12,"Haymarket, Murrayfield, Roseburn, Corstorphine, South Gyle"
Flat,3,"Flat 10, 6, Appin Street, Dalry, Edinburgh EH14 1PN",343000,114333,2026-04-01,https://www.rightmove.co.uk/house-prices/details/8b9ee575-1d7f-481a-b774-e5bc060ca433,EH14 1PN,EH14,"Slateford, Longstone, Wester Hailes, Juniper Green, Currie, Balerno, Baberton"
Flat,1,"Flat 6, 1 Homeross House, Mount Grange, Morningside, Edinburgh EH9 2QX",140000,140000,2026-04-01,https://www.rightmove.co.uk/house-prices/details/ff8f657f-90c4-48d7-96e2-147c96202d66,EH9 2QX,EH9,"Marchmont, The Grange, Blackford, Sciennes, Newington"
Flat,1,"1f1, 36, Roseburn Street, Roseburn, Edinburgh EH12 5PN",197000,197000,2026-04-01,https://www.rightmove.co.uk/house-prices/details/64b5cb26-de47-4146-a7b9-9856107baacd,EH12 5PN,EH12,"Haymarket, Murrayfield, Roseburn, Corstorphine, South Gyle"
Flat,2,"Flat 7, 8, Appin Place, Dalry, Edinburgh EH14 1NJ",278500,139250,2026-04-01,https://www.rightmove.co.uk/house-prices/details/d8996b1b-a7f2-4768-821a-17962b41b9bd,EH14 1NJ,EH14,"Slateford, Longstone, Wester Hailes, Juniper Green, Currie, Balerno, Baberton"
Flat,2,"Flat 6, 11, North Werber Place, Craigleith, Edinburgh EH4 1TF",230000,115000,2026-04-01,https://www.rightmove.co.uk/house-prices/details/dc737b08-4288-4bd6-92ba-f5ebfd8a3347,EH4 1TF,EH4,"Dean Village, Comely Bank, Craigleith, Blackhall, Barnton, Cramond, Davidson's Mains"
Flat,3,"Flat 3, 6a, Mill Lane, North Leith, Edinburgh EH6 6TJ",382000,127333,2026-04-01,https://www.rightmove.co.uk/house-prices/details/bd3d3b00-a5dc-4524-bf53-7eb2ff7c8f3e,EH6 6TJ,EH6,"Leith, The Shore, Leith Links, Newhaven"
Flat,1,"Gf, 26, Merchiston Avenue, Merchiston, Edinburgh EH10 4NZ",222000,222000,2026-04-01,https://www.rightmove.co.uk/house-prices/details/fc9e1d3a-fee7-4739-b2de-9a450b33b156,EH10 4NZ,EH10,"Bruntsfield, Morningside, Fairmilehead, Braid Hills, Greenhill"
Flat,4,"42, Oxgangs Terrace, Firrhill, Edinburgh EH13 9BY",260000,65000,2026-04-01,https://www.rightmove.co.uk/house-prices/details/79fb8078-bb26-483c-9cc2-9c1507d849ee,EH13 9BY,EH13,"Colinton, Oxgangs, Fairmilehead"
Flat,2,"Flat 1, 19, Wester Coates Gardens, Wester Coates, Edinburgh EH12 5LT",400000,200000,2026-04-01,https://www.rightmove.co.uk/house-prices/details/2fbf806b-5629-4db2-a9cb-51cda8504904,EH12 5LT,EH12,"Haymarket, Murrayfield, Roseburn, Corstorphine, South Gyle"
Flat,2,"Pf1, 10, Piershill Terrace, Piershill, Edinburgh EH8 7EU",287500,143750,2026-04-01,https://www.rightmove.co.uk/house-prices/details/6147652c-b975-4cd1-9f13-b3de10590e9d,EH8 7EU,EH8,"Southside, Newington, Canongate, Northfield, Mountcastle, Abbeyhill"
Flat,1,"3f1, 246, Gorgie Road, Gorgie, Edinburgh EH11 2PL",225000,225000,2026-04-01,https://www.rightmove.co.uk/house-prices/details/bc19e3a0-eab5-4689-9fff-dce78cdb99e6,EH11 2PL,EH11,"Haymarket, Dalry, Gorgie, Stenhouse, Sighthill, The Calders, Slateford"
Semi-Detached,2,"23, Old Dalkeith Road, Moredun, Edinburgh EH16 4TE",347000,173500,2026-04-01,https://www.rightmove.co.uk/house-prices/details/5ba408c8-db8b-49d7-ae7d-f4eeab039dc6,EH16 4TE,EH16,"Liberton, Cameron Toll, Craigmillar, Niddrie, Gilmerton"
Flat,1,"1f2, 28, Milton Street, Abbeyhill, Edinburgh EH8 8HE",216000,216000,2026-04-01,https://www.rightmove.co.uk/house-prices/details/7774c5ad-54ac-4e57-a04f-856985df5984,EH8 8HE,EH8,"Southside, Newington, Canongate, Northfield, Mountcastle, Abbeyhill"
Flat,2,"3f2, 28, Dublin Street, New Town, Edinburgh EH3 6NN",575000,287500,2026-04-01,https://www.rightmove.co.uk/house-prices/details/ef9c6dfb-42ce-472f-9074-643614b9c8cf,EH3 6NN,EH3,"New Town, West End, Tollcross, Fountainbridge, Haymarket"
Flat,1,"Flat 1, 11, Citadel Place, North Leith, Edinburgh EH6 6LQ",190000,190000,2026-04-01,https://www.rightmove.co.uk/house-prices/details/0e169fa3-8123-4785-8d54-2401c8561da5,EH6 6LQ,EH6,"Leith, The Shore, Leith Links, Newhaven"
Flat,1,"2f2, 16, Glen Street, Tollcross, Edinburgh EH3 9JF",218500,218500,2026-04-01,https://www.rightmove.co.uk/house-prices/details/174a150c-56b5-4a4d-ac5f-024e39b50080,EH3 9JF,EH3,"New Town, West End, Tollcross, Fountainbridge, Haymarket"
Terraced,2,"Flat 14, 16, Cunningham Square, Portobello West, Edinburgh EH15 1BH",285000,142500,2026-04-01,https://www.rightmove.co.uk/house-prices/details/befa8db4-9aa0-4bc0-8334-a92ebcfe8f09,EH15 1BH,EH15,"Portobello, Duddingston, Joppa, Brunstane, Craigentinny"
Detached,5,"13, Pentland Avenue, Hailes, Edinburgh EH13 0HZ",1272500,254500,2026-04-01,https://www.rightmove.co.uk/house-prices/details/db0e20ea-1a3b-4b9a-aa6d-2545b3e1ccec,EH13 0HZ,EH13,"Colinton, Oxgangs, Fairmilehead"
Flat,1,"Flat 6, 11, Randolph Crescent, New Town, Edinburgh EH3 7TT",360000,360000,2026-04-01,https://www.rightmove.co.uk/house-prices/details/78121452-82f3-4d6a-9bab-c635bd809f7e,EH3 7TT,EH3,"New Town, West End, Tollcross, Fountainbridge, Haymarket"
Flat,3,"1f2, 24, Pirniefield Bank, Lochend, Edinburgh EH6 7QH",201104,67034,2026-04-01,https://www.rightmove.co.uk/house-prices/details/20f6f531-33a9-43fa-bf73-5274daa01052,EH6 7QH,EH6,"Leith, The Shore, Leith Links, Newhaven"
Flat,2,"1f1, 41, Craigentinny Road, Craigentinny, Edinburgh EH7 6RL",162000,81000,2026-04-01,https://www.rightmove.co.uk/house-prices/details/5b31949f-4658-424a-873a-762dd00f0abb,EH7 6RL,EH7,"Leith, Pilrig, Bonnington, Restalrig, Craigentinny, Abbeyhill"
Flat,1,"2f2, 28, Wardlaw Place, Gorgie, Edinburgh EH11 1UQ",151000,151000,2026-04-01,https://www.rightmove.co.uk/house-prices/details/f6bb2c78-7dc7-436e-a7f1-0964fcd6db97,EH11 1UQ,EH11,"Haymarket, Dalry, Gorgie, Stenhouse, Sighthill, The Calders, Slateford"
Semi-Detached,2,"59, Redford Loan, Redford, Edinburgh EH13 0AU",387500,193750,2026-04-01,https://www.rightmove.co.uk/house-prices/details/3c09b6d5-c2a1-4b97-9df2-e90659526f09,EH13 0AU,EH13,"Colinton, Oxgangs, Fairmilehead"
Flat,1,"1f3, 8, Murieston Terrace, Dalry, Edinburgh EH11 2LH",177777,177777,2026-04-01,https://www.rightmove.co.uk/house-prices/details/744e3bc8-eb96-4ee8-b145-0600d135dadc,EH11 2LH,EH11,"Haymarket, Dalry, Gorgie, Stenhouse, Sighthill, The Calders, Slateford"
Flat,2,"Flat 20, 6, Arneil Drive, Royston, Edinburgh EH5 2GR",225000,112500,2026-04-01,https://www.rightmove.co.uk/house-prices/details/a9d9f1cc-29b1-4757-ab5e-6dd3741bd0b2,EH5 2GR,EH5,"Granton, Granton Harbour, Wardie, Trinity, Newhaven"
Flat,2,"Flat 20, 4, Robertson Gait, Gorgie, Edinburgh EH11 1HJ",252000,126000,2026-04-01,https://www.rightmove.co.uk/house-prices/details/3c702000-ebb5-48e2-8a2a-19d3b9c40731,EH11 1HJ,EH11,"Haymarket, Dalry, Gorgie, Stenhouse, Sighthill, The Calders, Slateford"
Semi-Detached,2,"25, Mountcastle Drive North, Mountcastle, Edinburgh EH8 7SH",275000,137500,2026-04-01,https://www.rightmove.co.uk/house-prices/details/e4cce946-1cf2-45cf-a826-c75a2bd44b83,EH8 7SH,EH8,"Southside, Newington, Canongate, Northfield, Mountcastle, Abbeyhill"
Flat,1,"1f1, 314, Easter Road, Leith, Edinburgh EH6 8JT",197000,197000,2026-03-31,https://www.rightmove.co.uk/house-prices/details/4206d585-de21-4d57-a89e-60cba58d164d,EH6 8JT,EH6,"Leith, The Shore, Leith Links, Newhaven"
Flat,2,"Flat 5, 14, Loganlea Place, Restalrig, Edinburgh EH7 6PD",162000,81000,2026-03-31,https://www.rightmove.co.uk/house-prices/details/0861d65e-1bc3-483e-8aba-b43e0db44600,EH7 6PD,EH7,"Leith, Pilrig, Bonnington, Restalrig, Craigentinny, Abbeyhill"
Flat,3,"Flat 1, 3, Appin Place, Dalry, Edinburgh EH14 1PW",360000,120000,2026-03-31,https://www.rightmove.co.uk/house-prices/details/55c5a6b0-450c-45a3-9770-0729d2a37d4a,EH14 1PW,EH14,"Slateford, Longstone, Wester Hailes, Juniper Green, Currie, Balerno, Baberton"
Flat,2,"16, Colinton Mains Terrace, Firrhill, Edinburgh EH13 9AT",215000,107500,2026-03-31,https://www.rightmove.co.uk/house-prices/details/ff86e095-9cec-40ea-a2b0-91eec75a5f86,EH13 9AT,EH13,"Colinton, Oxgangs, Fairmilehead"
Flat,2,"1f2, 39, Restalrig Road, Lochend, Edinburgh EH6 8BD",225500,112750,2026-03-31,https://www.rightmove.co.uk/house-prices/details/58c51dea-9991-4f0e-9e45-53065f442a82,EH6 8BD,EH6,"Leith, The Shore, Leith Links, Newhaven"
Flat,2,"2f1, 74, Craigentinny Road, Craigentinny, Edinburgh EH7 6ND",166500,83250,2026-03-31,https://www.rightmove.co.uk/house-prices/details/07d72094-2a56-4a12-a288-45b932301d2e,EH7 6ND,EH7,"Leith, Pilrig, Bonnington, Restalrig, Craigentinny, Abbeyhill"
Terraced,3,"50, Blackchapel Road, Newcraighall, Edinburgh EH15 3QU",280000,93333,2026-03-31,https://www.rightmove.co.uk/house-prices/details/97347f04-8154-468b-8c96-8ba27d875815,EH15 3QU,EH15,"Portobello, Duddingston, Joppa, Brunstane, Craigentinny"
Flat,1,"Flat 1, 1, Donaldson Drive, Wester Coates, Edinburgh EH12 5FA",1200000,1200000,2026-03-31,https://www.rightmove.co.uk/house-prices/details/1bf4bee2-11a8-4612-8834-3f13cdb8e967,EH12 5FA,EH12,"Haymarket, Murrayfield, Roseburn, Corstorphine, South Gyle"
NULL,1,"Flat 7, 18, Craighouse Gardens, Morningside, Edinburgh EH10 5TX",180000,180000,2026-03-31,https://www.rightmove.co.uk/house-prices/details/6fca513c-7c91-45d1-87c7-454741693700,EH10 5TX,EH10,"Bruntsfield, Morningside, Fairmilehead, Braid Hills, Greenhill"
Flat,1,"Flat 4, 134, Pleasance, Newington, Edinburgh EH8 9TL",220000,220000,2026-03-31,https://www.rightmove.co.uk/house-prices/details/a101d51b-913b-477a-a99b-e099e43bcd95,EH8 9TL,EH8,"Southside, Newington, Canongate, Northfield, Mountcastle, Abbeyhill"
Terraced,3,"3, Buckstone Neuk, Buckstone, Edinburgh EH10 6TU",440000,146666,2026-03-31,https://www.rightmove.co.uk/house-prices/details/12112729-44a3-49aa-8abb-9713a465c302,EH10 6TU,EH10,"Bruntsfield, Morningside, Fairmilehead, Braid Hills, Greenhill"
Flat,1,"1f1, 38, Seafield Road, Craigentinny, Edinburgh EH6 7LQ",140000,140000,2026-03-31,https://www.rightmove.co.uk/house-prices/details/5efd32bd-ee73-4ce8-82f7-877f18c90a69,EH6 7LQ,EH6,"Leith, The Shore, Leith Links, Newhaven"
Terraced,3,"80, Turnhouse Road, Cammo, Edinburgh EH12 8ND",327000,109000,2026-03-31,https://www.rightmove.co.uk/house-prices/details/aea28053-e52b-48bd-808c-88f782e63e3e,EH12 8ND,EH12,"Haymarket, Murrayfield, Roseburn, Corstorphine, South Gyle"
Terraced,3,"17a, Craigour Drive, Moredun, Edinburgh EH17 7NY",235000,78333,2026-03-31,https://www.rightmove.co.uk/house-prices/details/4084a98f-67fe-4bb7-beeb-c2213f3a78bf,EH17 7NY,EH17,"Gilmerton, Moredun, Mortonhall, Fernieside, Gracemount, Southhouse"
Flat,1,"Bf1, 10, Brougham Street, Tollcross, Edinburgh EH3 9JH",185000,185000,2026-03-31,https://www.rightmove.co.uk/house-prices/details/c7c01544-7017-437b-8cf0-ceea426398ee,EH3 9JH,EH3,"New Town, West End, Tollcross, Fountainbridge, Haymarket"
Terraced,5,"22, Belford Mews, New Town, Edinburgh EH4 3BT",625586,125117,2026-03-31,https://www.rightmove.co.uk/house-prices/details/91d29822-0127-4068-a594-72a80218842d,EH4 3BT,EH4,"Dean Village, Comely Bank, Craigleith, Blackhall, Barnton, Cramond, Davidson's Mains"
Detached,3,"11, Barnton Park Avenue, Barnton, Edinburgh EH4 6ES",490000,163333,2026-03-31,https://www.rightmove.co.uk/house-prices/details/9e1b5222-c27b-441c-820d-36a389ee8ac9,EH4 6ES,EH4,"Dean Village, Comely Bank, Craigleith, Blackhall, Barnton, Cramond, Davidson's Mains"
NULL,2,"20, Broomhouse Row, Broomhouse, Edinburgh EH11 3RE",175000,87500,2026-03-31,https://www.rightmove.co.uk/house-prices/details/9a0acfd1-2cef-4fc9-9177-f0cc4dc2cda3,EH11 3RE,EH11,"Haymarket, Dalry, Gorgie, Stenhouse, Sighthill, The Calders, Slateford"
Flat,2,"1f1, 56, Parkhead Loan, Parkhead, Edinburgh EH11 4SL",165000,82500,2026-03-31,https://www.rightmove.co.uk/house-prices/details/2b8110fb-9392-4d65-bc72-07729ac591b2,EH11 4SL,EH11,"Haymarket, Dalry, Gorgie, Stenhouse, Sighthill, The Calders, Slateford"
Flat,2,"102a, Lower Granton Road, Trinity, Edinburgh EH5 1ER",325000,162500,2026-03-31,https://www.rightmove.co.uk/house-prices/details/99b76d99-bd1c-4cc9-ae15-7bafdc507b39,EH5 1ER,EH5,"Granton, Granton Harbour, Wardie, Trinity, Newhaven"
Flat,2,"2f2, 30, Stenhouse Gardens North, Stenhouse, Edinburgh EH11 3EL",175200,87600,2026-03-31,https://www.rightmove.co.uk/house-prices/details/0184d45b-c4aa-4d71-9fc9-84aea8646c50,EH11 3EL,EH11,"Haymarket, Dalry, Gorgie, Stenhouse, Sighthill, The Calders, Slateford"
Terraced,3,"74, Greenwell Wynd, Mortonhall, Edinburgh EH17 8GH",325000,108333,2026-03-31,https://www.rightmove.co.uk/house-prices/details/69d1a02c-70e4-42df-86da-274c67385367,EH17 8GH,EH17,"Gilmerton, Moredun, Mortonhall, Fernieside, Gracemount, Southhouse"
Terraced,3,"137, Gilmerton Dykes Drive, Hyvots Bank, Edinburgh EH17 8LP",242442,80814,2026-03-31,https://www.rightmove.co.uk/house-prices/details/21e89c0e-5c9f-4f29-b548-826d9e4ed9f9,EH17 8LP,EH17,"Gilmerton, Moredun, Mortonhall, Fernieside, Gracemount, Southhouse"
Flat,1,"2f2, 22, Moat Street, Slateford, Edinburgh EH14 1PJ",186500,186500,2026-03-31,https://www.rightmove.co.uk/house-prices/details/508c1fff-9d83-4131-81e1-f72e2f259f11,EH14 1PJ,EH14,"Slateford, Longstone, Wester Hailes, Juniper Green, Currie, Balerno, Baberton"
Flat,2,"Flat 2, 18, Granville Terrace, Merchiston, Edinburgh EH10 4PQ",438700,219350,2026-03-31,https://www.rightmove.co.uk/house-prices/details/d7404f5e-6035-4f86-b192-211118bda522,EH10 4PQ,EH10,"Bruntsfield, Morningside, Fairmilehead, Braid Hills, Greenhill"
Flat,1,"2f3, 2, Meadowbank Avenue, Willowbrae, Edinburgh EH8 7AP",257500,257500,2026-03-31,https://www.rightmove.co.uk/house-prices/details/d500f4a2-c385-4a06-87ce-f76927b05e3a,EH8 7AP,EH8,"Southside, Newington, Canongate, Northfield, Mountcastle, Abbeyhill"
Terraced,3,"11, Prospect Bank Gardens, Lochend, Edinburgh EH6 7PA",305000,101666,2026-03-31,https://www.rightmove.co.uk/house-prices/details/913abac0-360b-42fe-9f69-c5ad12f5347a,EH6 7PA,EH6,"Leith, The Shore, Leith Links, Newhaven"
Flat,3,"2, Sighthill Gardens, Sighthill, Edinburgh EH11 4NN",196738,65579,2026-03-30,https://www.rightmove.co.uk/house-prices/details/3eda978f-a649-41e7-b6fd-647df26b26c7,EH11 4NN,EH11,"Haymarket, Dalry, Gorgie, Stenhouse, Sighthill, The Calders, Slateford"
Flat,2,"Flat 24, 128, Mcdonald Road, Broughton, Edinburgh EH7 4QU",350000,175000,2026-03-30,https://www.rightmove.co.uk/house-prices/details/28995a06-97de-4354-8887-3b150ea8fe85,EH7 4QU,EH7,"Leith, Pilrig, Bonnington, Restalrig, Craigentinny, Abbeyhill"
Flat,1,"1f3, 7, Wheatfield Road, Gorgie, Edinburgh EH11 2PT",139000,139000,2026-03-30,https://www.rightmove.co.uk/house-prices/details/7ac17314-9d49-4b7e-9dcc-6428ff211068,EH11 2PT,EH11,"Haymarket, Dalry, Gorgie, Stenhouse, Sighthill, The Calders, Slateford"
Flat,2,"Flat 4, 16, Calder Drive, Calders, Edinburgh EH11 4LS",138500,69250,2026-03-30,https://www.rightmove.co.uk/house-prices/details/d5ee6282-7965-4d39-bc38-bbe734005827,EH11 4LS,EH11,"Haymarket, Dalry, Gorgie, Stenhouse, Sighthill, The Calders, Slateford"
Flat,2,"Flat 1, 26, Clovenstone Gardens, Wester Hailes, Edinburgh EH14 3EX",155000,77500,2026-03-30,https://www.rightmove.co.uk/house-prices/details/1c2066b3-fe14-4f11-b8ff-5cb429a0cd84,EH14 3EX,EH14,"Slateford, Longstone, Wester Hailes, Juniper Green, Currie, Balerno, Baberton"
Flat,1,"4f1, 87, Morrison Street, West End, Edinburgh EH3 8BU",185000,185000,2026-03-30,https://www.rightmove.co.uk/house-prices/details/47a9a7ae-bc4f-4925-b594-3e0d2acd92c6,EH3 8BU,EH3,"New Town, West End, Tollcross, Fountainbridge, Haymarket"
Flat,1,"1f2, 20, Hawthornvale, Newhaven, Edinburgh EH6 4JL",241600,241600,2026-03-30,https://www.rightmove.co.uk/house-prices/details/ecf3aa1c-2809-4641-b53b-30a1dcdd7ca2,EH6 4JL,EH6,"Leith, The Shore, Leith Links, Newhaven"
Flat,2,"Flat 5, 1, Kimmerghame Drive, Craigleith, Edinburgh EH4 2GJ",366000,183000,2026-03-30,https://www.rightmove.co.uk/house-prices/details/438d4c4a-e14e-4040-8711-a2ad09163fb3,EH4 2GJ,EH4,"Dean Village, Comely Bank, Craigleith, Blackhall, Barnton, Cramond, Davidson's Mains"
Semi-Detached,2,"144, The Murrays, Hyvots Bank, Edinburgh EH17 8UP",292000,146000,2026-03-30,https://www.rightmove.co.uk/house-prices/details/eb98354e-9040-4e70-92d9-c502a97f4b56,EH17 8UP,EH17,"Gilmerton, Moredun, Mortonhall, Fernieside, Gracemount, Southhouse"
Flat,2,"Flat 14, 12, Arneil Drive, Royston, Edinburgh EH5 2GS",223000,111500,2026-03-30,https://www.rightmove.co.uk/house-prices/details/86faa6a0-ac7b-4739-8e73-8ceaa3c4b774,EH5 2GS,EH5,"Granton, Granton Harbour, Wardie, Trinity, Newhaven"
Terraced,4,"32, Balgreen Avenue, Saughtonhall, Edinburgh EH12 5SU",672647,168161,2026-03-30,https://www.rightmove.co.uk/house-prices/details/b1245b85-5dba-47fb-b4d7-93e56ef07e21,EH12 5SU,EH12,"Haymarket, Murrayfield, Roseburn, Corstorphine, South Gyle"
Flat,2,"Flat 2, 23, Carnbee Crescent, Hyvots Bank, Edinburgh EH16 6GF",170000,85000,2026-03-30,https://www.rightmove.co.uk/house-prices/details/c891f204-dd44-4650-bfb7-35c27523e1c7,EH16 6GF,EH16,"Liberton, Cameron Toll, Craigmillar, Niddrie, Gilmerton"
Flat,2,"1f3, 2, Lochrin Buildings, Tollcross, Edinburgh EH3 9NB",388555,194277,2026-03-30,https://www.rightmove.co.uk/house-prices/details/d7dd59d0-8a35-4d5e-bf9c-4502a0ce45b4,EH3 9NB,EH3,"New Town, West End, Tollcross, Fountainbridge, Haymarket"
Semi-Detached,4,"2g, Brae Park Road, Cramond, Edinburgh EH4 6DN",950000,237500,2026-03-30,https://www.rightmove.co.uk/house-prices/details/81653c83-3b4a-4242-b76b-07a870f44acf,EH4 6DN,EH4,"Dean Village, Comely Bank, Craigleith, Blackhall, Barnton, Cramond, Davidson's Mains"
Flat,2,"Flat 2, 2, Western Harbour Terrace, Newhaven, Edinburgh EH6 6JQ",235000,117500,2026-03-30,https://www.rightmove.co.uk/house-prices/details/9934d588-0432-4ffc-9354-bb0d05949579,EH6 6JQ,EH6,"Leith, The Shore, Leith Links, Newhaven"
Flat,2,"29, Carrick Knowe Place, Carrick Knowe, Edinburgh EH12 7EP",192150,96075,2026-03-30,https://www.rightmove.co.uk/house-prices/details/43429f5c-60ad-4f75-8edc-77eccd0f6167,EH12 7EP,EH12,"Haymarket, Murrayfield, Roseburn, Corstorphine, South Gyle"
Flat,2,"Flat 8, 1, East Pilton Farm Wynd, Pilton, Edinburgh EH5 2GJ",210000,105000,2026-03-30,https://www.rightmove.co.uk/house-prices/details/5c74eb7f-93a6-4235-a0ed-e5a7b1a8a209,EH5 2GJ,EH5,"Granton, Granton Harbour, Wardie, Trinity, Newhaven"
Terraced,3,"22, Upper Strand Walk, Granton, Edinburgh EH5 1RR",385000,128333,2026-03-30,https://www.rightmove.co.uk/house-prices/details/ff5f6529-13c0-424e-a776-a6fb28c2e0f2,EH5 1RR,EH5,"Granton, Granton Harbour, Wardie, Trinity, Newhaven"
Flat,3,"23, Hugh Miller Place, Stockbridge, Edinburgh EH3 5JG",450000,150000,2026-03-30,https://www.rightmove.co.uk/house-prices/details/abe67cf1-b46d-40af-8037-1d4bb7fa4732,EH3 5JG,EH3,"New Town, West End, Tollcross, Fountainbridge, Haymarket"
Flat,2,"2f2, 27, Moat Street, Slateford, Edinburgh EH14 1PE",185000,92500,2026-03-30,https://www.rightmove.co.uk/house-prices/details/73de9a15-9fa4-4606-96fc-2f3c888917ac,EH14 1PE,EH14,"Slateford, Longstone, Wester Hailes, Juniper Green, Currie, Balerno, Baberton"
Detached,2,"24, Craigour Avenue, Moredun, Edinburgh EH17 7NJ",131333,65666,2026-03-30,https://www.rightmove.co.uk/house-prices/details/5f63b80f-8066-45a9-b3f7-2aedc85a1ce2,EH17 7NJ,EH17,"Gilmerton, Moredun, Mortonhall, Fernieside, Gracemount, Southhouse"
Flat,3,"2f1, 13, Rochester Terrace, Merchiston, Edinburgh EH10 5AB",530000,176666,2026-03-30,https://www.rightmove.co.uk/house-prices/details/f4388aa3-0571-4c3e-b9bd-b442420dd7d5,EH10 5AB,EH10,"Bruntsfield, Morningside, Fairmilehead, Braid Hills, Greenhill"
NULL,1,"Flat 7, 199, Craigs Road, North Gyle, Edinburgh EH12 0AJ",224500,224500,2026-03-30,https://www.rightmove.co.uk/house-prices/details/9b2549c2-7535-44e0-8a75-55908373a304,EH12 0AJ,EH12,"Haymarket, Murrayfield, Roseburn, Corstorphine, South Gyle"
Flat,2,"Flat 14, 12, Albion Gardens, Albion, Edinburgh EH7 5NS",291000,145500,2026-03-30,https://www.rightmove.co.uk/house-prices/details/c58bccb0-5d2d-41ee-8461-fe9dd5e2f823,EH7 5NS,EH7,"Leith, Pilrig, Bonnington, Restalrig, Craigentinny, Abbeyhill"
Flat,2,"Gf1, 44, King's Road, Portobello West, Edinburgh EH15 1DX",240000,120000,2026-03-30,https://www.rightmove.co.uk/house-prices/details/7735190d-f5da-43a4-9132-9c244fce8106,EH15 1DX,EH15,"Portobello, Duddingston, Joppa, Brunstane, Craigentinny"
Flat,2,"Pf2, 2, Livingstone Place, Sciennes, Edinburgh EH9 1PB",320000,160000,2026-03-30,https://www.rightmove.co.uk/house-prices/details/19575589-e606-42e1-9ce6-9b4b94419583,EH9 1PB,EH9,"Marchmont, The Grange, Blackford, Sciennes, Newington"
Flat,3,"1f1, 87, Spottiswoode Street, Marchmont, Edinburgh EH9 1BZ",610000,203333,2026-03-30,https://www.rightmove.co.uk/house-prices/details/bce0becc-a565-4263-bf90-06a9a225ebe5,EH9 1BZ,EH9,"Marchmont, The Grange, Blackford, Sciennes, Newington"
Detached,5,"18, Riverside Road, Craigiehall, South Queensferry EH30 9TP",600000,120000,2026-03-30,https://www.rightmove.co.uk/house-prices/details/99b9994e-9df9-4404-8ef1-837c3a95abd6,EH30 9TP,EH30,North Queensferry
Terraced,2,"5, St Aidens Road, Greendykes, Edinburgh EH16 4YB",201000,100500,2026-03-30,https://www.rightmove.co.uk/house-prices/details/013fc37f-8228-4b72-bbb1-c8ed6823bba3,EH16 4YB,EH16,"Liberton, Cameron Toll, Craigmillar, Niddrie, Gilmerton"
Flat,2,"Pf1, 1, Oxgangs Park, Caiystane, Edinburgh EH13 9JZ",142500,71250,2026-03-30,https://www.rightmove.co.uk/house-prices/details/ecf78c02-bc5d-4a7d-b2d3-5a0ce5ac374a,EH13 9JZ,EH13,"Colinton, Oxgangs, Fairmilehead"
Flat,2,"Flat 7, 1, Sandpiper Road, Newhaven, Edinburgh EH6 4TR",226500,113250,2026-03-30,https://www.rightmove.co.uk/house-prices/details/66ef530d-3e94-4cdf-8ca5-2df0b5cafbd8,EH6 4TR,EH6,"Leith, The Shore, Leith Links, Newhaven"
Flat,2,"Flat 7, 382, Easter Road, Albion, Edinburgh EH6 8JW",210000,105000,2026-03-30,https://www.rightmove.co.uk/house-prices/details/dc10dc9e-1678-4281-be4f-644c955fff80,EH6 8JW,EH6,"Leith, The Shore, Leith Links, Newhaven"
Semi-Detached,4,"16, Grigor Drive, Craigleith, Edinburgh EH4 2PJ",430000,107500,2026-03-30,https://www.rightmove.co.uk/house-prices/details/52f004fc-a444-4705-8ead-5a259a35b92d,EH4 2PJ,EH4,"Dean Village, Comely Bank, Craigleith, Blackhall, Barnton, Cramond, Davidson's Mains"
Flat,4,"3f2, 23, Royal Crescent, Broughton, Edinburgh EH3 6QA",825000,206250,2026-03-30,https://www.rightmove.co.uk/house-prices/details/be511736-5f68-457d-8b29-953e4d03720c,EH3 6QA,EH3,"New Town, West End, Tollcross, Fountainbridge, Haymarket"
Terraced,3,"32, Stuart Park, Craigmount, Edinburgh EH12 8YD",230000,76666,2026-03-30,https://www.rightmove.co.uk/house-prices/details/f9d4be61-8134-480f-bbb6-1a7fd897676c,EH12 8YD,EH12,"Haymarket, Murrayfield, Roseburn, Corstorphine, South Gyle"
Flat,3,"1f2, 86, Montpelier Park, Bruntsfield, Edinburgh EH10 4NG",459600,153200,2026-03-30,https://www.rightmove.co.uk/house-prices/details/cfcd7be9-c41b-4be8-b89a-b6249f1bbf6d,EH10 4NG,EH10,"Bruntsfield, Morningside, Fairmilehead, Braid Hills, Greenhill"
Detached,6,"33, Duddingston Park, Magdalene, Edinburgh EH15 1JU",1100000,183333,2026-03-30,https://www.rightmove.co.uk/house-prices/details/c47cb409-e873-4575-ac76-a9f8758dd1f9,EH15 1JU,EH15,"Portobello, Duddingston, Joppa, Brunstane, Craigentinny"
Flat,2,"Flat 3, 34, Stanwell Street, Pilrig, Edinburgh EH6 5FQ",204000,102000,2026-03-30,https://www.rightmove.co.uk/house-prices/details/273374ae-bf24-478e-baa8-4e0e5c0bfbe7,EH6 5FQ,EH6,"Leith, The Shore, Leith Links, Newhaven"
Detached,4,"37, Queen Margaret Close, Fairmilehead, Edinburgh EH10 7EE",650000,162500,2026-03-30,https://www.rightmove.co.uk/house-prices/details/f4f43933-4106-4b67-8235-d319a5b28c9c,EH10 7EE,EH10,"Bruntsfield, Morningside, Fairmilehead, Braid Hills, Greenhill"
Flat,2,"Flat 31, 17, John's Place, South Leith, Edinburgh EH6 7EN",245000,122500,2026-03-30,https://www.rightmove.co.uk/house-prices/details/b333368e-8abb-46b5-9e68-b1b07bfa4e3c,EH6 7EN,EH6,"Leith, The Shore, Leith Links, Newhaven"
Flat,2,"Flat 2, 2, Dryden Gait, Pilrig, Edinburgh EH7 4QR",247500,123750,2026-03-30,https://www.rightmove.co.uk/house-prices/details/8db92cde-9b8d-4063-b231-83b1211b7441,EH7 4QR,EH7,"Leith, Pilrig, Bonnington, Restalrig, Craigentinny, Abbeyhill"
Terraced,2,"190, Carrick Knowe Avenue, Carrick Knowe, Edinburgh EH12 7DQ",260459,130229,2026-03-30,https://www.rightmove.co.uk/house-prices/details/d253a280-9811-4886-93fa-d8968fa24eed,EH12 7DQ,EH12,"Haymarket, Murrayfield, Roseburn, Corstorphine, South Gyle"
Flat,2,"Flat 23, 19, Salamander Place, South Leith, Edinburgh EH6 7JJ",295000,147500,2026-03-30,https://www.rightmove.co.uk/house-prices/details/f963b12f-d47f-48a9-bab9-1ef4900edebf,EH6 7JJ,EH6,"Leith, The Shore, Leith Links, Newhaven"
Flat,1,"Flat 1, 17, Rothesay Terrace, New Town, Edinburgh EH3 7RY",270000,270000,2026-03-30,https://www.rightmove.co.uk/house-prices/details/d571cf6f-57ba-44fd-8542-a8e41b18db46,EH3 7RY,EH3,"New Town, West End, Tollcross, Fountainbridge, Haymarket"
Flat,2,"Flat 7, 3, Dorset Place, Merchiston, Edinburgh EH11 1JP",297650,148825,2026-03-30,https://www.rightmove.co.uk/house-prices/details/07ad5fc2-8ce2-4efd-aa66-7db8738a3435,EH11 1JP,EH11,"Haymarket, Dalry, Gorgie, Stenhouse, Sighthill, The Calders, Slateford"
Flat,3,"13, Orchard Toll, Craigleith, Edinburgh EH4 3JF",365000,121666,2026-03-30,https://www.rightmove.co.uk/house-prices/details/c70bffdd-cf02-4c21-950d-5c6ee6c100de,EH4 3JF,EH4,"Dean Village, Comely Bank, Craigleith, Blackhall, Barnton, Cramond, Davidson's Mains"
Terraced,3,"2, Kempsel Grove, Sighthill, Edinburgh EH11 4FR",300000,100000,2026-03-30,https://www.rightmove.co.uk/house-prices/details/0f71f9e1-7a02-4e98-a052-f8123b4e4e1c,EH11 4FR,EH11,"Haymarket, Dalry, Gorgie, Stenhouse, Sighthill, The Calders, Slateford"
Flat,2,"Flat 4, 140, Rose Street, New Town, Edinburgh EH2 3JD",280000,140000,2026-03-30,https://www.rightmove.co.uk/house-prices/details/8a5bdfc0-1bac-4a89-b298-5a4ec72e6e8d,EH2 3JD,EH2,"New Town, City Centre"
Flat,2,"Flat 1, 7, Sandport, North Leith, Edinburgh EH6 6PL",278000,139000,2026-03-30,https://www.rightmove.co.uk/house-prices/details/050affd5-5254-4fec-be0d-9cfadbe9c306,EH6 6PL,EH6,"Leith, The Shore, Leith Links, Newhaven"
Flat,3,"Flat 1, 50, Annandale Street, Broughton, Edinburgh EH7 4FA",408000,136000,2026-03-30,https://www.rightmove.co.uk/house-prices/details/f1687541-54e2-49a4-b894-1361f147570a,EH7 4FA,EH7,"Leith, Pilrig, Bonnington, Restalrig, Craigentinny, Abbeyhill"
Flat,2,"3, Cobden Terrace, Dalry, Edinburgh EH11 2BJ",260000,130000,2026-03-30,https://www.rightmove.co.uk/house-prices/details/4acfdbd1-f403-4386-8e33-449d6510e747,EH11 2BJ,EH11,"Haymarket, Dalry, Gorgie, Stenhouse, Sighthill, The Calders, Slateford"
Terraced,4,"75, Durham Road, Edinburgh EH15 1PE",590000,147500,2026-03-30,https://www.rightmove.co.uk/house-prices/details/0828352a-a31c-41bb-934a-1b5653181814,EH15 1PE,EH15,"Portobello, Duddingston, Joppa, Brunstane, Craigentinny"
Flat,4,"200, Boswall Parkway, Royston, Edinburgh EH5 2LT",240000,60000,2026-03-27,https://www.rightmove.co.uk/house-prices/details/c73f151d-9833-4942-91b9-8ad027f99b90,EH5 2LT,EH5,"Granton, Granton Harbour, Wardie, Trinity, Newhaven"
Flat,3,"60, Sighthill View, Sighthill, Edinburgh EH11 4PU",186000,62000,2026-03-27,https://www.rightmove.co.uk/house-prices/details/82a5f6d9-778a-4b9b-b50d-3cc2ce8a8dee,EH11 4PU,EH11,"Haymarket, Dalry, Gorgie, Stenhouse, Sighthill, The Calders, Slateford"
Flat,2,"Flat 404, 173 Carlyle Court, Comely Bank Road, Stockbridge, Edinburgh EH4 1DJ",240000,120000,2026-03-27,https://www.rightmove.co.uk/house-prices/details/910dac52-c163-47ff-9fd4-a6e05f7abc95,EH4 1DJ,EH4,"Dean Village, Comely Bank, Craigleith, Blackhall, Barnton, Cramond, Davidson's Mains"
Flat,2,"Flat 4, 17, Clovenstone Gardens, Wester Hailes, Edinburgh EH14 3EU",155000,77500,2026-03-27,https://www.rightmove.co.uk/house-prices/details/ea1dc291-440e-4585-8fb2-87e2737da8d3,EH14 3EU,EH14,"Slateford, Longstone, Wester Hailes, Juniper Green, Currie, Balerno, Baberton"
Flat,2,"2f2, 9, Summertrees Court, Inch, Edinburgh EH16 5TP",130000,65000,2026-03-27,https://www.rightmove.co.uk/house-prices/details/6d41b2e1-9ac4-4f06-9b80-3ec197d8d0b2,EH16 5TP,EH16,"Liberton, Cameron Toll, Craigmillar, Niddrie, Gilmerton"
Flat,2,"8b, Greenhill Park, Bruntsfield, Edinburgh EH10 4DW",541000,270500,2026-03-27,https://www.rightmove.co.uk/house-prices/details/51d08f68-1cad-4f61-b198-def614c04f03,EH10 4DW,EH10,"Bruntsfield, Morningside, Fairmilehead, Braid Hills, Greenhill"
Terraced,2,"11, Magdalene Avenue, Magdalene, Edinburgh EH15 3BL",192500,96250,2026-03-27,https://www.rightmove.co.uk/house-prices/details/d121e52e-c29b-4eb2-94dd-7cf0387ff467,EH15 3BL,EH15,"Portobello, Duddingston, Joppa, Brunstane, Craigentinny"
Flat,3,"2a, Coates Place, New Town, Edinburgh EH3 7AA",625000,208333,2026-03-27,https://www.rightmove.co.uk/house-prices/details/fcf7166e-17c6-4bcf-91a1-7f56048ee8ce,EH3 7AA,EH3,"New Town, West End, Tollcross, Fountainbridge, Haymarket"
Detached,4,"58, Pentland Drive, Pentland, Edinburgh EH10 6PX",670000,167500,2026-03-27,https://www.rightmove.co.uk/house-prices/details/29ec951b-9a5d-4080-836b-517148bbe1d1,EH10 6PX,EH10,"Bruntsfield, Morningside, Fairmilehead, Braid Hills, Greenhill"
Flat,2,"Flat 1, 16, Juniper Place, Edinburgh, Juniper Green EH14 5TX",230000,115000,2026-03-27,https://www.rightmove.co.uk/house-prices/details/d67ac460-349b-470c-8307-570ece7ff70e,EH14 5TX,EH14,"Slateford, Longstone, Wester Hailes, Juniper Green, Currie, Balerno, Baberton"
Detached,5,"52, Craigcrook Road, Blackhall, Edinburgh EH4 3PJ",940191,188038,2026-03-27,https://www.rightmove.co.uk/house-prices/details/f5f84995-32bc-4c25-b8a2-622fb229e920,EH4 3PJ,EH4,"Dean Village, Comely Bank, Craigleith, Blackhall, Barnton, Cramond, Davidson's Mains"
Terraced,2,"15, Brunstane Bank, Brunstane, Edinburgh EH15 2NS",345000,172500,2026-03-27,https://www.rightmove.co.uk/house-prices/details/986610b6-6d0d-47a9-9a05-4f387ce0f5ed,EH15 2NS,EH15,"Portobello, Duddingston, Joppa, Brunstane, Craigentinny"
Flat,3,"11, Morningside Gardens, Morningside, Edinburgh EH10 5LA",485000,161666,2026-03-27,https://www.rightmove.co.uk/house-prices/details/fcbe179c-d545-46d3-9f0a-ca52eb374e16,EH10 5LA,EH10,"Bruntsfield, Morningside, Fairmilehead, Braid Hills, Greenhill"
Terraced,3,"11, Lingerwood Lane, Greendykes, Edinburgh EH16 4WW",260000,86666,2026-03-27,https://www.rightmove.co.uk/house-prices/details/b1d3509b-c3e7-4baa-8c67-774ade52bfaa,EH16 4WW,EH16,"Liberton, Cameron Toll, Craigmillar, Niddrie, Gilmerton"
Flat,2,"Pf2, 8, South Sloan Street, Leith, Edinburgh EH6 8ST",192000,96000,2026-03-27,https://www.rightmove.co.uk/house-prices/details/ceb13cfa-b424-42aa-8fdb-b2249f983f8b,EH6 8ST,EH6,"Leith, The Shore, Leith Links, Newhaven"
Flat,2,"Flat 2, 24, Rannoch Road, Clerwood, Edinburgh EH4 7EP",185000,92500,2026-03-27,https://www.rightmove.co.uk/house-prices/details/4946cab7-41d8-4f28-8d0e-e6c0adead93b,EH4 7EP,EH4,"Dean Village, Comely Bank, Craigleith, Blackhall, Barnton, Cramond, Davidson's Mains"
Flat,1,"46, Dublin Street, New Town, Edinburgh EH3 6NN",257000,257000,2026-03-27,https://www.rightmove.co.uk/house-prices/details/87d0a519-aade-4c4a-a284-8b4cf0289214,EH3 6NN,EH3,"New Town, West End, Tollcross, Fountainbridge, Haymarket"
Flat,1,"Flat 2, 15, West Tollcross, Tollcross, Edinburgh EH3 9QN",265000,265000,2026-03-26,https://www.rightmove.co.uk/house-prices/details/c3c4e129-1944-405d-9e0f-0b786edfcdc7,EH3 9QN,EH3,"New Town, West End, Tollcross, Fountainbridge, Haymarket"
Flat,3,"3, Lady Road, Mayfield, Edinburgh EH16 5PA",470000,156666,2026-03-26,https://www.rightmove.co.uk/house-prices/details/30e9ccf5-a7ee-4d02-949e-7bd3c9e559b4,EH16 5PA,EH16,"Liberton, Cameron Toll, Craigmillar, Niddrie, Gilmerton"
Flat,2,"Flat 7, 2, Powderhall Rigg, Warriston, Edinburgh EH7 4GA",280000,140000,2026-03-26,https://www.rightmove.co.uk/house-prices/details/4007e2b5-f069-43f9-b7c2-c00f908f11f0,EH7 4GA,EH7,"Leith, Pilrig, Bonnington, Restalrig, Craigentinny, Abbeyhill"
Flat,2,"52, Drum Street, Hyvots Bank, Edinburgh EH17 8RN",175000,87500,2026-03-26,https://www.rightmove.co.uk/house-prices/details/dc4de79e-af0d-4284-b74d-4d67a0ca4f0b,EH17 8RN,EH17,"Gilmerton, Moredun, Mortonhall, Fernieside, Gracemount, Southhouse"
Terraced,4,"10, Cambridge Avenue, Pilrig, Edinburgh EH6 5AP",665000,166250,2026-03-26,https://www.rightmove.co.uk/house-prices/details/22b3e2b4-c591-4457-b030-e88fd1c1c147,EH6 5AP,EH6,"Leith, The Shore, Leith Links, Newhaven"
Flat,2,"8, Ochiltree Gardens, Inch, Edinburgh EH16 5SN",182500,91250,2026-03-26,https://www.rightmove.co.uk/house-prices/details/1367bfa2-e85b-4dbc-8d33-4dd3a7aa35c4,EH16 5SN,EH16,"Liberton, Cameron Toll, Craigmillar, Niddrie, Gilmerton"
Flat,1,"Flat 3, 23, Viewcraig Street, Dumbiedykes, Edinburgh EH8 9UJ",167500,167500,2026-03-26,https://www.rightmove.co.uk/house-prices/details/7e9ba81b-7a81-44b9-8d11-5f39d5e5c356,EH8 9UJ,EH8,"Southside, Newington, Canongate, Northfield, Mountcastle, Abbeyhill"
Flat,2,"2f2, 20, Caledonian Road, Dalry, Edinburgh EH11 2DF",185000,92500,2026-03-26,https://www.rightmove.co.uk/house-prices/details/799cdbc2-3e30-4ed0-8a04-77b92ca57938,EH11 2DF,EH11,"Haymarket, Dalry, Gorgie, Stenhouse, Sighthill, The Calders, Slateford"
Flat,1,"6b, St Bernard's Crescent, Stockbridge, Edinburgh EH4 1NP",305000,305000,2026-03-26,https://www.rightmove.co.uk/house-prices/details/58e0a7e1-a2f1-4850-86eb-5967b9f28c8c,EH4 1NP,EH4,"Dean Village, Comely Bank, Craigleith, Blackhall, Barnton, Cramond, Davidson's Mains"
Flat,3,"Flat 24, 6, Portland Gardens, Newhaven, Edinburgh EH6 6NJ",275000,91666,2026-03-26,https://www.rightmove.co.uk/house-prices/details/b3493c22-50ba-42b7-9fb3-849abdef71c4,EH6 6NJ,EH6,"Leith, The Shore, Leith Links, Newhaven"
Terraced,3,"30, East Pilton Farm Crescent, Pilton, Edinburgh EH5 2GH",420000,140000,2026-03-26,https://www.rightmove.co.uk/house-prices/details/793cd804-8728-4cd4-ac17-63a55f01640a,EH5 2GH,EH5,"Granton, Granton Harbour, Wardie, Trinity, Newhaven"
Flat,3,"Flat 8, 1, Inglis Green Rigg, Kingsknowe, Edinburgh EH14 2LF",211000,70333,2026-03-26,https://www.rightmove.co.uk/house-prices/details/c72b51fe-1e92-47cb-bf57-90103ca526c0,EH14 2LF,EH14,"Slateford, Longstone, Wester Hailes, Juniper Green, Currie, Balerno, Baberton"
NULL,2,"Flat 3, 31, Pringle Drive, Greendykes, Edinburgh EH16 4XB",229995,114997,2026-03-26,https://www.rightmove.co.uk/house-prices/details/8bfdee90-c0df-4879-afc4-f32fd78d7299,EH16 4XB,EH16,"Liberton, Cameron Toll, Craigmillar, Niddrie, Gilmerton"
Flat,1,"Flat 4, 19, Russell Gardens, Roseburn, Edinburgh EH12 5PP",205000,205000,2026-03-26,https://www.rightmove.co.uk/house-prices/details/9f548508-a8a5-42da-908c-e554b0134484,EH12 5PP,EH12,"Haymarket, Murrayfield, Roseburn, Corstorphine, South Gyle"
Flat,4,"Flat 6, 107, Barn Park Crescent, Wester Hailes, Edinburgh EH14 3HP",145000,36250,2026-03-26,https://www.rightmove.co.uk/house-prices/details/457e9aad-a538-4e96-8618-9500fb0233ff,EH14 3HP,EH14,"Slateford, Longstone, Wester Hailes, Juniper Green, Currie, Balerno, Baberton"
Detached,4,"2, Maingait Medway, Newcraighall, Musselburgh EH21 8SY",475000,118750,2026-03-26,https://www.rightmove.co.uk/house-prices/details/7e511ca5-cae2-408d-b4dd-b8b5aa710eb8,EH21 8SY,EH21,"Musselburgh, Fisherrow, Inveresk, Levenhall, Monktonhall, Pinkie, Stoneybank, Wallyford"
Flat,1,"Flat 4, 9, Couper Street, North Leith, Edinburgh EH6 6HH",215000,215000,2026-03-26,https://www.rightmove.co.uk/house-prices/details/1544ef37-5373-4e5b-ab74-8b940f915547,EH6 6HH,EH6,"Leith, The Shore, Leith Links, Newhaven"
Flat,2,"Flat 2, 58, Dochart Drive, Clerwood, Edinburgh EH4 7LU",179777,89888,2026-03-26,https://www.rightmove.co.uk/house-prices/details/2e9e483f-0bc3-441b-abee-5a1467c9a955,EH4 7LU,EH4,"Dean Village, Comely Bank, Craigleith, Blackhall, Barnton, Cramond, Davidson's Mains"
Flat,2,"2f1, 15, Sloan Street, Leith, Edinburgh EH6 8PL",315122,157561,2026-03-26,https://www.rightmove.co.uk/house-prices/details/e016f236-e410-48a4-8aeb-e2c0de748ac9,EH6 8PL,EH6,"Leith, The Shore, Leith Links, Newhaven"
Detached,5,"18, Talla Street, Alnwickhill, Edinburgh EH16 6FL",599000,119800,2026-03-25,https://www.rightmove.co.uk/house-prices/details/b25fab9d-f7a3-4147-bdf9-c0df14a279fd,EH16 6FL,EH16,"Liberton, Cameron Toll, Craigmillar, Niddrie, Gilmerton"
Flat,2,"32, Dickson Street, Albion, Edinburgh EH6 8RR",275000,137500,2026-03-25,https://www.rightmove.co.uk/house-prices/details/6b1cedc6-a610-4502-b39d-545e212aefd9,EH6 8RR,EH6,"Leith, The Shore, Leith Links, Newhaven"
Flat,1,"1f3, 17, Bellevue Road, Broughton, Edinburgh EH7 4DL",310000,310000,2026-03-25,https://www.rightmove.co.uk/house-prices/details/ae045876-d1ac-4371-9aaf-09acb18bbd63,EH7 4DL,EH7,"Leith, Pilrig, Bonnington, Restalrig, Craigentinny, Abbeyhill"
Flat,1,"Flat 89, 102, Commercial Street, North Leith, Edinburgh EH6 6LT",227679,227679,2026-03-25,https://www.rightmove.co.uk/house-prices/details/3b959c76-021a-4194-9e68-d9bba8a1988a,EH6 6LT,EH6,"Leith, The Shore, Leith Links, Newhaven"
Detached,5,"52, Laverockbank Road, Trinity, Edinburgh EH5 3BZ",1275000,255000,2026-03-25,https://www.rightmove.co.uk/house-prices/details/f850bd6e-209b-4c20-a687-9a620fef109c,EH5 3BZ,EH5,"Granton, Granton Harbour, Wardie, Trinity, Newhaven"
Flat,2,"28, Queen's Park Court, Willowbrae, Edinburgh EH8 7DX",29000,14500,2026-03-25,https://www.rightmove.co.uk/house-prices/details/86d164fc-1770-4ec0-805a-bf990ffbf32f,EH8 7DX,EH8,"Southside, Newington, Canongate, Northfield, Mountcastle, Abbeyhill"
Flat,1,"1f2, 43, Iona Street, Albion, Edinburgh EH6 8SP",210000,210000,2026-03-25,https://www.rightmove.co.uk/house-prices/details/a1675277-307a-479a-8952-c63ff6d12e0d,EH6 8SP,EH6,"Leith, The Shore, Leith Links, Newhaven"
Flat,1,"Flat 1, 64, Longstone Street, Kingsknowe, Edinburgh EH14 2DA",125000,125000,2026-03-25,https://www.rightmove.co.uk/house-prices/details/7f3da27e-5116-42cf-acad-7e425c36f52b,EH14 2DA,EH14,"Slateford, Longstone, Wester Hailes, Juniper Green, Currie, Balerno, Baberton"
Terraced,3,"3, Redhall Road, Kingsknowe, Edinburgh EH14 2HW",260000,86666,2026-03-25,https://www.rightmove.co.uk/house-prices/details/b1ea8281-3cd9-412b-aed6-025809d5743d,EH14 2HW,EH14,"Slateford, Longstone, Wester Hailes, Juniper Green, Currie, Balerno, Baberton"
Terraced,2,"26, Colinton Grove, Wester Craiglockhart, Edinburgh EH14 1DB",443750,221875,2026-03-25,https://www.rightmove.co.uk/house-prices/details/56803054-1aee-404a-a00d-6927baf3ecd2,EH14 1DB,EH14,"Slateford, Longstone, Wester Hailes, Juniper Green, Currie, Balerno, Baberton"
Flat,1,"1f2, 3, Craighall Crescent, Trinity, Edinburgh EH6 4RX",155000,155000,2026-03-25,https://www.rightmove.co.uk/house-prices/details/71c78ad8-ddc0-447a-9766-5a2a18f7d4d2,EH6 4RX,EH6,"Leith, The Shore, Leith Links, Newhaven"
Semi-Detached,3,"89, Craigmount Brae, Craigmount, Edinburgh EH12 8XN",400005,133335,2026-03-25,https://www.rightmove.co.uk/house-prices/details/e347303f-ad53-4d1f-96e4-1f9dda037239,EH12 8XN,EH12,"Haymarket, Murrayfield, Roseburn, Corstorphine, South Gyle"
Semi-Detached,3,"9, Sighthill Neuk, Sighthill, Edinburgh EH11 4NZ",235000,78333,2026-03-25,https://www.rightmove.co.uk/house-prices/details/a8979ada-9a17-4712-ad0f-eed10b9991e7,EH11 4NZ,EH11,"Haymarket, Dalry, Gorgie, Stenhouse, Sighthill, The Calders, Slateford"
Flat,1,"1f4, 116, Gorgie Road, Gorgie, Edinburgh EH11 2NR",140000,140000,2026-03-25,https://www.rightmove.co.uk/house-prices/details/7d9e5702-eb2d-4275-95e6-cea6b2d9356b,EH11 2NR,EH11,"Haymarket, Dalry, Gorgie, Stenhouse, Sighthill, The Calders, Slateford"
Detached,4,"17, Craiglockhart Quadrant, Wester Craiglockhart, Edinburgh EH14 1HD",600000,150000,2026-03-25,https://www.rightmove.co.uk/house-prices/details/71d72000-1fce-4f9a-8539-82dbfd88c59a,EH14 1HD,EH14,"Slateford, Longstone, Wester Hailes, Juniper Green, Currie, Balerno, Baberton"
Flat,4,"Flat 12, 5, Western Harbour Midway, Newhaven, Edinburgh EH6 6LD",520000,130000,2026-03-25,https://www.rightmove.co.uk/house-prices/details/06f828bc-4f3c-4f8e-8b98-7cb12949ff5b,EH6 6LD,EH6,"Leith, The Shore, Leith Links, Newhaven"
Flat,2,"9, Woodbine Terrace, Lochend, Edinburgh EH6 8DA",251500,125750,2026-03-25,https://www.rightmove.co.uk/house-prices/details/5227e586-a89f-4b4a-9400-d7e3d8d4508b,EH6 8DA,EH6,"Leith, The Shore, Leith Links, Newhaven"
Flat,3,"10a, Riversdale Crescent, Saughtonhall, Edinburgh EH12 5QX",625000,208333,2026-03-25,https://www.rightmove.co.uk/house-prices/details/a8295cb9-f4bf-4ed3-ba4d-d155b50c559f,EH12 5QX,EH12,"Haymarket, Murrayfield, Roseburn, Corstorphine, South Gyle"
Flat,2,"Flat 3, 11, Western Harbour Midway, Newhaven, Edinburgh EH6 6LG",300000,150000,2026-03-25,https://www.rightmove.co.uk/house-prices/details/bd972d41-02a2-4322-9447-77c02c27f7db,EH6 6LG,EH6,"Leith, The Shore, Leith Links, Newhaven"
Detached,5,"61, East Craigs Wynd, North Gyle, Edinburgh EH12 8HJ",1035000,207000,2026-03-25,https://www.rightmove.co.uk/house-prices/details/d16ceadc-c9d2-45d0-b20e-3f404437ac28,EH12 8HJ,EH12,"Haymarket, Murrayfield, Roseburn, Corstorphine, South Gyle"
Flat,2,"2f2, 6, Belhaven Terrace, Morningside, Edinburgh EH10 5HZ",332000,166000,2026-03-25,https://www.rightmove.co.uk/house-prices/details/86985608-e41a-4b7e-b23e-1e378c118774,EH10 5HZ,EH10,"Bruntsfield, Morningside, Fairmilehead, Braid Hills, Greenhill"
Flat,1,"53, Watson Crescent, Polwarth, Edinburgh EH11 1EW",62000,62000,2026-03-25,https://www.rightmove.co.uk/house-prices/details/7e56988e-89ef-4486-a69c-3138e156d30d,EH11 1EW,EH11,"Haymarket, Dalry, Gorgie, Stenhouse, Sighthill, The Calders, Slateford"
